rec,reference,full_citation,INCL,year_published,size_cat,descr_id_with,new_gen_data_publ,OA,oa_cat-2ndary=repositary,DESCRIPTION,TOT_SAMPLING_EVENTS,stn_tot,samplingMethod,SINGLETON_ANALYSIS,paper_singleton_count,single_my_est,single_analysis_notes,incl_notes,year_survey/coll,TO_DO-GEN_NOTES,tot_taxa/morphospp,tot_ind,area sampled,id_notes,expedition,region_sampled,new family,new genus,new species,record,temp name record,tot_taxa_records,cumul_tot,desc_tot,cumul_desc_tot,cumul_new_sp,paper_notes,functional_group/sub-cat-fauna,categ,synthesis_muli-datasets,journal,article_type,key_provided,found_via,SITE_ADDED,site_table-lat-long-depth,site_mapping,,,,,
73,Amon_etal_2016,"Amon, D.J., Ziegler, A.F., Dahlgren, T.G., Glover, A.G., Goineau, A., Gooday, A.J., Wiklund, H. and Smith, C.R., 2016. Insights into the abundance and diversity of abyssal megafauna in a polymetallic-nodule region in the eastern Clarion-Clipperton Zone. Scientific Reports, 6(1), pp.1-12. https://doi.org/10.1038/srep30492",yes,2016,megafauna,morphology only (specimens and ROV imagery),existing data,yes,,,,,ROV and imagery,no,,,NA- spp per transect but diff morphospp names,,2013,,170,4470,900km2 (plus RV07),"180 morphotypes- imagery, 12 morphotypes- specimens",ABYSSLINE AB01,,,,,28,133,161,161,0,0,0,excluded 'unknown' phyla in s table 2. Amon_etal_2016 DWCA- supplementary,,community composition/species assemblages,,Scientific Reports,article,,,,y,use ABYSSLINE sites,,,,,
85,Amon_etal_2017a,"Amon, D.J., Ziegler, A.F., Kremenetskaia, A., Mah, C.L., Mooi, R., O'Hara, T., Pawson, D.L., Roux, M. and Smith, C.R., 2017. Megafauna of the UKSRL exploration contract area and eastern Clarion-Clipperton Zone in the Pacific Ocean: Echinodermata. Biodiversity Data Journal, (5).: e11794. https://doi.org/10.3897/BDJ.5.e11794",yes,2017,megafauna,morphology and molecular data,yes,yes,,,na,,ROV and imagery,y,,,,,2013; 2015,,62,,,mostly from imagery only,ABYSSLINE AB01; AB02,,,,,16,46,62,223,0,0,0,62 morphotypes,,community composition/species assemblages,,Biodiversity data journal,article,,,,y- in text,use ABYSSLINE sites,,,,,
86,Amon_etal_2017b,"Amon, D.J., Ziegler, A.F., Drazen, J.C., Grischenko, A.V., Leitner, A.B., Lindsay, D.J., Voight, J.R., Wicksten, M.K., Young, C.M. and Smith, C.R., 2017. Megafauna of the UKSRL exploration contract area and eastern Clarion-Clipperton Zone in the Pacific Ocean: Annelida, Arthropoda, Bryozoa, Chordata, Ctenophora, Mollusca. Biodiversity Data Journal, (5).: e14598. https://doi.org/10.3897/BDJ.5.e14598",yes,2017,megafauna,morphology and molecular data,existing data,yes,,,na,,ROV and imagery,get data,,,no spp v site info but could add from OBIS records,,2013; 2015,PRINT,55,,,mostly from imagery only,ABYSSLINE AB01; AB02,,,,,12,43,55,278,0,0,0,,,community composition/species assemblages,,Biodiversity data journal,article,,,,y- in text,use ABYSSLINE sites,,,,,
87,Amon_etal_2017c,"Amon, D.J., Hilario, A., Arbizu, P.M. and Smith, C.R., 2017. Observations of organic falls from the abyssal Clarion-Clipperton Zone in the tropical eastern Pacific Ocean. Marine Biodiversity, 47(2), pp.311-321. doi:10.1007/s12526-016-0572-4",yes,2017,megafauna; meiofauna,morphology only (ROV imagery),no,n,,,7,7 falls,ROV and imagery,no,,,not spp level- poss add anyway,,2015,,,,,7 whalefalls,ABYSSLINE AB02; SO239 EcoResponse,,,,,22,7,29,307,0,0,0,another table of morphospecies names from different area. ids from video and specimens,,community composition/species assemblages,,Marine Biodiversity,article,,,,y,done sep table,,,,,
3,Amos_etal_1975,"Amos AF, Daubin SC, Garside CF, Malone TC, Paul AZ, Rice GE, Roels OA. 1975. Report on a Cruise to Study Environmental Base Line Conditions In a Manganese Nodule Province. In Offshore Technology Conference, Dallas, Texas. pp 341-356. OTC-2162, doi:10.4043/2162-MS",yes,1975,macrofauna,morphology only (specimens and imagery),no,yes,,,10,"6 box cores, 4 trawls","box core; small biological trawl, seabed phtography",no,,,add formatted data + not spp level,,,,,,,,,,,,,,,,,,,,,,,,,,,,,no,NA- MAP ONLY,,,,,
4,Amos_etal_1976,"Amos, A.F., Roels, O.A. and Paul, A.Z., 1976, May. Environmental baseline conditions in a manganese-nodule province in April-May 1975. In Offshore Technology Conference. OTC-2456-MS, https://doi.org/10.4043/2456-MS",yes,1976,macrofauna,morphology only (specimens),no,yes,,,35,35 (of which 10 partially analysed),box core,no,,,not spp level,,,,,,,,,DOMES site C,,,,,,,,,,,,,,,,,,,,y,done sep table,,,,,
67,Arauijo-Silva_etal_2015,"Araujo-Silva, C.L., Froufe, E. and Larsen, K., 2015. Two new species of family Neotanaidae (Peracarida: Tanaidacea) from the Antarctic and Mid-Pacific Oceans. Zootaxa, 4018(4), pp.535-552.",yes,2015,macrofauna,morphology and molecular data,yes,n,,y,na,,EBS,y,,,,,2012,,,,,,BIONOD,,,,1,,,1,308,1,1,1,ref'd in Chim&Tong_2020,,taxonomy/species description,,Zootaxa,article,,,YES,"y- in text & site info in Larsen & Arauijo-Silva, 2014",in type loc,,,,,
135,Bai_etal_2020,"Bai, L., Wang, X., Zhou, Y., Lin, S., Meng, F. and Fontoura, P., 2020. Moebjergarctus clarionclippertonensis, a new abyssal tardigrade (Arthrotardigrada, Halechiniscidae, Euclavarctinae) from the Clarion-Clipperton Fracture Zone, North-East Pacific. Zootaxa, 4755(3), pp.zootaxa-4755.",yes,2020,meiofauna,morphology only (specimens),no,n,,y,6,6 stations,multicorer,y,,,,,2017; 2018,contract area not recorded. Western CCZ. Map to check where is,,,,,DY45-II; DY50-I,,,,1,,,1,309,1,2,2,list of sampling stations in paper,nodule fauna,taxonomy/species description,,Zootaxa,article,,,YES,y,in type loc,,,,,
159,Bezerra_etal_2021,"Bezerra, T.N., Pape, E., Hauquier, F. and Vanreusel, A., 2021. Description and distribution of Erebussau nom. nov. pro Erebus Bussau, 1993 nec Erebus Latreille, 1810 with description of a new specie, and of Odetenema gesarae gen. nov., sp. nov.(Nematoda: Desmoscolecida) from nodule-bearing abyssal sediments in the Pacific. Zootaxa, 4903(4), pp.zootaxa-4903.",yes,2021,meiofauna,morphology only (specimens),no,n,,y,na,8 stations,multicorer,y,,,"deSmet et al., 2017 has deplyments within station but for box core. Only listed at station level",,2015,email- deployment info missing,,,,,SO239 EcoResponse; SO242-2,,,2,3,2,,7,316,5,7,5,also collections from Peru basin. list of sampling stations in paper,,taxonomy/species description,,Zootaxa,article,y,,,y,in type loc,,,,,
59,Bitner_etal_2013,"Bitner, M.A., Melnik, V.P. and Zezina, O.N., 2013. New paedomorphic brachiopods from the abyssal zone of the North-eastern Pacific Ocean. Zootaxa, 3613(3), pp.281-288. https://doi.org/10.11646/zootaxa.3613.3.6",yes,2013,macrofauna,morphology only (specimens),no,n,,y,na,4 + pooled,,y,,,,,,email- info for pooled stations,5,15,,,,,,2,2,3,,7,323,4,11,7,,,taxonomy/species description,,Zootaxa,article,,,,,in type loc,,,,,
75,Blake_2016,"Blake, J.A., 2016. Kirkegaardia (Polychaeta, Cirratulidae), new name for Monticellina Laubier, preoccupied in the Rhabdocoela, together with new records and descriptions of eight previously known and sixteen new species from the Atlantic, Pacific, and Southern Oceans. Zootaxa, 4166(1), pp.1-93. http://mapress.com/j/zt/issue/view/zootaxa.4166.1",yes,2016,macrofauna,morphology only (specimens),no,yes,,y,na,,,y,,,,,,,,,,,,,,,1,,,1,324,1,12,8,,,taxonomy/species description,,Zootaxa,article,,,YES,,in type loc,,,,,
88,Blake_2017,"Blake, J.A., 2017. Polychaeta Orbiniidae from Antarctica, the Southern Ocean, the Abyssal Pacific Ocean, and off South America. Zootaxa, 4218(1), pp.1-145.",yes,2017,macrofauna,morphology only (specimens),no,yes,,y,na,,,y,,,,,,,,,,,,,,,1,,,1,325,1,13,9,,,,,Zootaxa,article,,,YES,,in type loc,,,,,
112,Blake_2019,"Blake, J.A., 2019. New species of Cirratulidae (Annelida, Polychaeta) from abyssal depths of the Clarion-Clipperton Fracture Zone, North Equatorial Pacific Ocean. Zootaxa, 4629(2), pp.151-187.",yes,2019,macrofauna,morphology only (specimens),no,yes,,y,na,,box core,y,,,,,1983; 1993,,,,,,NOAA DOMES; NOAA BIE,,,,11,,,11,336,11,24,20,collected outside reporting period,benthic fauna/epifauna,taxonomy/species description,,Zootaxa,article,,,,y- in text,in type loc,,,,,
136,Blake_2020,"Blake, J.A., 2020. New species and records of deep-water Orbiniidae (Annelida, Polychaeta) from the Eastern Pacific continental slope, abyssal Pacific Ocean, and the South China Sea. Zootaxa, 4730(1), pp.1-61. https://doi.org/10.11646/zootaxa.4730.1.1",yes,2020,macrofauna,morphology only (specimens),no,yes,,y,na,,,y,,,,,,,,,,,,,,,1,,,1,337,1,25,21,,,taxonomy/species description,,Zootaxa,article,,,YES,,in type loc,,,,,
113,Blazewicz_etal_2019a,"B?a?ewicz, M., Jó?wiak, P., Jennings, R.M., Studzian, M. and Frutos, I., 2019. Integrative systematics and ecology of a new deep-sea family of tanaidacean crustaceans. Scientific reports, 9(1), pp.1-70. doi:10.1038/s41598-019-53446-1",yes,2019,macrofauna,morphology and molecular data,yes,n,,y,na,,box core,y,,,yes,,2015,"email for list of species, also for type locality",,,,,SO239 EcoResponse,,,,1,,,1,338,1,26,22,,benthic fauna/epifauna,taxonomy/species description/ community composition/species assemblages,,Progress in Oceanography,article,,,,no,in type loc,,,,,
114,Blazewicz_etal_2019b,"B?a?ewicz, M., Jó?wiak, P., Menot, L. and Pabis, K., 2019. High species richness and unique composition of the tanaidacean communities associated with five areas in the Pacific polymetallic nodule fields. Progress in Oceanography, 176, p.102141. https://doi.org/10.1016/j.pocean.2019.102141",yes,2019,macrofauna,morphology only (specimens),no,yes,,,34,,box core,get data,47,,waiting on,,,,98,,,98 morphospp of 446 individuals,,,,,,,,98,436,0,26,22,emailed for morphospecies list in sept 2021,,community composition/species assemblages,,Scientific Reports,article,,,,y,done sep table,,,,,
21,Bluhm_1994,"Bluhm, H., 1994. Monitoring megabenthic communities in abyssal manganese nodule sites of the East Pacific Ocean in association with commercial deep?sea mining. Aquatic Conservation: Marine and Freshwater Ecosystems, 4(3), pp.187-201.",yes,1994,megafauna,morphology only (ROV imagery),no,n,,,5,5 deployments,imagery,no,,,"spp level but no spp vs site, no site, no abundance",,,,,,,,,cameras on benthic grab samplers,,,,,,,,,,,,,,,,,,,,no,NA- MAP ONLY,,,,,
115,Bonifacio&Menot_2019,"Bonifacio, P. and Menot, L., 2019. New genera and species from the Equatorial Pacific provide phylogenetic insights into deep-sea Polynoidae (Annelida). Zoological Journal of the Linnean Society, 185(3), pp.555-635.https://doi.org/10.1093/zoolinnean/zly063",yes,2019,macrofauna,morphology and molecular data,yes,yes,,y,na,,EBS,y,,,,,2015,SPECIES BREAKDOWN BY SITE,,,,,SO239 EcoResponse,,,4,17,2,8,31,467,21,47,39,Polo sent table (not in good format). area of sampling and depth not stated by species record- given for all- 4 contract areas and 1 APEI,,taxonomy/species description,,Zoological Journal of the Linnean Society,article,y,,,Y,done sep table,,,,,
137,Bonifacio_etal_2020,"Bonifácio, P., Martínez Arbizu, P. and Menot, L., 2020. Alpha and beta diversity patterns of polychaete assemblages across the nodule province of the eastern Clarion-Clipperton Fracture Zone (equatorial Pacific). Biogeosciences, 17(4), pp.865-886. doi:10.5194/bg-17-865-2020",yes,2020,macrofauna,morphology and molecular data,yes,yes,,,,,NA,y,134,266,,,NA,,,,,,SO239 EcoResponse,,,,,31,288,319,786,0,47,39,,,,yes,Biogeosciences,article,,,,y- supmat,add from supmat,,,,,
160,Bonifacio_etal_2021,"Bonifácio, P., Neal, L. and Menot, L., 2021. Diversity of deep-sea scale-worms (Polynoidae) in the Clarion-Clipperton Fracture Zone. Frontiers in Marine Science, 8:656899.
doi: 10.3389/fmars.2021.656899",yes,2021,macrofauna,morphology and molecular data,yes,yes,,,,,EBS; box core; ROV,y,59 species,66,,,2015,,,,,,SO239 EcoResponse,,,,,23,78,101,887,0,47,39,,,,yes,Frontiers in Marine Science,article,,,,y,done sep table,,,,,
161,Bribiesca-Contreras_etal_2021,"Bribiesca-Contreras, G., Dahlgren, T.G., Drazen, J.C., Drennan, R., Horton, T., Jones, D.O., Leitner, A.B., McQuaid, K., Smith, C.R., Taboada, S. and Wiklund, H., 2021. Biogeography and connectivity across habitat types and geographical scales in Pacific abyssal scavenging amphipods. Frontiers in Marine Science, 8, p.1028.",yes,2021,macrofauna,morphology and molecular data,yes,yes,,,,,baited trap,y,,,,,2015; 2018,,17,886,,7 of species potentially new to science,DeepCCZ; JC120,,,,,11,23,34,921,0,47,39,,,,,Frontiers in Marine Science,article,,,,,use DeepCCZ/ABYSSLINE sites,,,,,
183,Bribiesca-Contreras_etal_2022,"Bribiesca-Contreras, G., Dahlgren, T.G., Amon, D.J., Cairns, S., Drennan, R., Durden, J.M., Eléaume, M.P., Hosie, A.M., Kremenetskaia, A., McQuaid, K. and O’Hara, T.D., 2022.  Benthic megafauna of the western Clarion-Clipperton Zone, Pacific Ocean. ZooKeys, 1113, pp.1-110.",yes,2022,megafauna,morphology and molecular data,yes,yes,,,add,,baited trap; ROV,y,,,,published july 2022,2018,to add at later stage (including genbank nos),,,,,DeepCCZ (Moore foundation Kilo Moana),,,,,,,,,,,,in press,,taxonomy/species description,,,article in prep,,,,,use DeepCCZ/ABYSSLINE sites,,,,,
138,Brix_etal_2020,"Brix, S., Osborn, K.J., Kaiser, S., Truskey, S.B., Schnurr, S.M., Brenke, N., Malyutina, M. and Martinez Arbizu, P., 2020. Adult life strategy affects distribution patterns in abyssal isopods–implications for conservation in Pacific nodule areas. Biogeosciences, 17(23), pp.6163-6184.",yes,2020,macrofauna,morphology and molecular data,yes,yes,,,22,,EBS,y,68 species,,waiting on,,2015,,149,619 (incl discol),,,SO239 EcoResponse,,,,,17,146,163,1084,0,47,39,additional BoLD database,,,,Biogeosciences,article,,,,y-supmat (Station nos only),NA,,,,,
162,Brix_etal_2021,"Brix, S., Held, C., Kaiser, S., Jennings, R.M., Driskell, A. and Brandt, A., 2021. Evolution and phylogeny of the deep-sea isopod families Desmosomatidae Sars, 1897 and Nannoniscidae Hansen, 1916 (Isopoda: Asellota). Organisms Diversity & Evolution, 21(4), pp.691-717.",yes,2021,macrofauna,morphology and molecular data,yes,yes,,,na,,,no,,,,occurrence records duplic but incl in genetic studies,,no new taxon records/genbank nos- include?,,,,,,,,,,,,,,,,,,,,,,,,,,,in type loc,,,,,
68,Cairns_2015,"Cairns, S.D., 2016. New abyssal Primnoidae (Anthozoa: Octocorallia) from the clarion-clipperton fracture zone, equatorial northeastern Pacific. Marine Biodiversity, 46(1), pp.141-150.",yes,2015,megafauna,morphology only (specimens),no,n,,y,,9 stations,N/A,y,,,types were only specimens examined,,2013,,3,,,,ABYSSLINE AB01,,,1,3,,,3,1087,4,51,42,includes table of all octocoral species records 3000m and greater,nodule fauna,taxonomy/species description,,Marine Biodiversity,article,,,,y,done sep table,,,,,
139,Chim_Tong_2020,"Chim, C.K. and Tong, S.J., 2020. Two new species of paratanaoid tanaidaceans of the family incertae sedis (Crustacea: Peracarida) from polymetallic nodule fields in the eastern Clarion-Clipperton Fracture Zone. Zootaxa, 4758(3), pp.461-485.",yes,2020,macrofauna,morphology only (specimens),no,n,,y,na,,box core,y,,,,,2015,,,,,,ABYSSLINE AB02,,,1,2,,,3,1090,3,54,44,"is a second paper also in zootaxa describing these species- Cho DH, Wi JH, Suh H-L (2016) Two new species of the deep-sea genus Parameiropsis (Copepoda: Harpacticoida) from the eastern central Pacific. Zootaxa 4132: 521. https://doi.org/10.11646/zootaxa.4132.4.4",benthic fauna/epifauna,taxonomy/species description,,Zootaxa,article,,,YES,y- in text,in type loc,,,,,
76,Cho_etal_2016,"Cho, D.H., Wi, J.H. and Suh, H.L., 2016. Two new species of the deep-sea genus Parameiropsis (Copepoda: Harpacticoida) from the eastern central Pacific. Zootaxa, 4132(4), pp.521-539.",yes,2016,macrofauna,morphology only (specimens),no,n,,y,na,,box core,y,,,no specimens other than holotypes listed,,2014,,,,,,KODOS,,,,2,,,2,1092,2,56,46,Paulo report- says 6 species?,,taxonomy/species description,,Zootaxa,article,,,YES,y- in text,NA,,,,,
41,Choi_etal_2004,"Choi, J.W., Kim, D.S., Hyun, J.H. and Lee, C.H., 2004. Macrozoobenthic communities of the deep sea sediments in the Northeastern Pacific Ocean. Ocean and Polar Research, 26(2), pp.367-376.",yes,2004,macrofauna,morphology only (specimens),no,yes,,,7,7 stations,box core,no,,,,,1999,,,,,,,,,,,,,,,,,,,,,,,,,,,,,,,,,
117,Christodoulou_etal_2019,"Christodoulou, M., O’Hara, T.D., Hugall, A.F. and Arbizu, P.M., 2019. Dark ophiuroid biodiversity in a prospective abyssal mine field. Current Biology, 29(22), pp.3909-3912.",yes,2019,megafauna,morphology and molecular data,yes,yes,,,na,,EBS,no,,,,,2012; 2013; 2014; 2015,,,,,,BIONOD; MANGAN 2012; 2013; Ecoresponse; ABYSSLINE AB01; AB02,,,,,18,,18,1110,0,56,46,,,genetic studies,,Current Biology,article,,,,,,,,,,
140,Christodoulou_etal_2020,"Christodoulou, M., O'Hara, T., Hugall, A.F., Khodami, S., Rodrigues, C.F., Hilario, A., Vink, A. and Martinez Arbizu, P., 2020. Unexpected high abyssal ophiuroid diversity in polymetallic nodule fields of the northeast Pacific Ocean and implications for conservation. Biogeosciences, 17(7), pp.1845-1876.",yes,2020,megafauna,morphology and molecular data,yes,yes,,,,,EBS,y,13,,list of samples used- may not be comprehensive,,2012; 2013; 2014; 2015,"email- coords, whether list samples comprehensive- can I use for singletons",,,,SSHs- secondary species hypotheses- equiv to OTUs?,BIONOD; MANGAN 2012; 2013; Ecoresponse; ABYSSLINE AB01; AB02,"5 contract areas, APEI3",,,,12,30,42,1152,0,56,46,"251 sequences at BOLD db- https://doi.org/10.5883/DS-CCZ1,",,genetic studies,,Biogeosciences,article,,,,y,add from supmat,,,,,
141,Chuar_etal_2020,"Chuar, C.H., Tong, S.J.W., Chim, C.K., San Wong, H.P. and Tan, K.S., 2020. Abyssal macrofaunal community structure in the polymetallic nodule exploration area at the easternmost region of the Clarion-Clipperton Fracture Zone, Pacific Ocean. Deep Sea Research Part I: Oceanographic Research Papers, 161, p.103284.",yes,2020,macrofauna,morphology only (specimens),no,n,,,12,12 box cores,box core,no,,,not spp level,,NA,,,5199,30x30km2,id'd to family level only,NA,,,,,36,,36,1188,0,56,46,only id'd to high taxon level,,,,Deep Sea Research Part I: Oceanographic Research Papers,article,,,,y,use ABYSSLINE sites,,,,,
142,Cuvelier_etal_2020,"Cuvelier, D., Ribeiro, P.A., Ramalho, S.P., Kersken, D., Martinez Arbizu, P. and Colaço, A., 2020. Are seamounts refuge areas for fauna from polymetallic nodule fields?. Biogeosciences, 17(9), pp.2657-2680.",yes,2020,megafauna (macrofauna),morphology only (ROV video),no,yes,,,9,9 ROV dives,ROV imagery,no,,,"mega morphotype, ROV dives- tricky site records, ",,2015,,,,,,SO239 EcoResponse,,,,,85,166,251,1439,0,56,46,,nodule fauna,,,Biogeosciences,article,,,,,,,,,,
77,Dahlgren_etal_2016,"Dahlgren, T.G., Wiklund, H., Rabone, M., Amon, D.J., Ikebe, C., Watling, L., Smith, C.R. and Glover, A.G., 2016. Abyssal fauna of the UK-1 polymetallic nodule exploration area, Clarion-Clipperton Zone, central Pacific Ocean: Cnidaria. Biodiversity data journal, (4): e9277. https://doi.org/10.3897/BDJ.4.e9277",yes,2016,macrofauna (megafauna),morphology and molecular data,yes,yes,,,add,,box core; megacore; EBS,y,,,,,2013,,10,18,,10 taxa total- all to spp level. 4 species identified to known species,ABYSSLINE AB01,,,,,5,7,12,1451,0,56,46,,,community composition/species assemblages,,Biodiversity data journal,article,,,,y,use ABYSSLINE sites,,,,,
22,Decraemer_Gourbault_1997,"Decraemer, W. and Gourbault, N., 1997. Deep?sea nematodes (Nemata, Prochaetosomatinae): new taxa from hydrothermal vents and a polymetallic nodule formation of the Pacific (East Rise; North Fiji and Lau Basins; Clarion?Clipperton fracture zone). Zoologica scripta, 26(1), pp.1-12.",yes,1997,meiofauna,morphology only (specimens),no,n,2ndary,y,,,NA,no,,,invalid spp,,NA,,,,,,NA,,,,,,,,,,,,unaccepted species name. Note- not a formal description as lack type specimens. Poss not in CCZ,benthic fauna/epifauna,species description,,,,,,,,,,,,,
89,deSmet_etal_2017,"De Smet, B., Pape, E., Riehl, T., Bonifácio, P., Colson, L. and Vanreusel, A., 2017. The community structure of deep-sea macrofauna associated with polymetallic nodules in the eastern part of the Clarion-Clipperton Fracture Zone. Frontiers in Marine Science, 4, p.103.",yes,2017,macrofauna,morphology only (specimens),no,yes,,,,,box core,y,,,,,2015,,,,,,GSRNOD15A,,,,,97,2,99,1550,0,56,46,,,genetic studies,,Frontiers in Marine Science,article,,,,,add from supmat,,,,,
163,DeSmet_etal_2021,"De Smet, B., Simon-Lledó, E., Mevenkamp, L., Pape, E., Pasotti, F., Jones, D. O., & Vanreusel, A. (2021). The megafauna community from an abyssal area of interest for mining of polymetallic nodules. Deep Sea Research Part I: Oceanographic Research Papers, 172, 103530.",yes,2021,megafauna,morphology only (imagery),no,yes,,,3,3 AUV dives,NA,no,,,"mega morphotype, ROV dives- tricky site records, ",,NA,,41,2426,,41 taxa,NA,,,,,26,23,49,1599,0,56,46,only id'd to high taxon level,,general ecology,,Deep Sea Research Part I: Oceanographic Research Papers,article,,,,y,,,,,,
164,Drazen_etal_2021,"Drazen, J.C., Leitner, A.B., Jones, D.O. and Simon-Lledó, E., 2021. Regional variation in communities of demersal fishes and scavengers across the Clarion Clipperton Zone and Pacific ocean. Frontiers in Marine Science, p.1110.",yes,2021,megafauna,morphology only (baited camera & visual transect),no,yes,,,157,,"baited camera, visual transects",y,,,missing site/spp vs site,,combination,,,,,,combination,"3 contract areas, 4 APEIs",,,,46,7,53,1652,0,56,46,,,community composition/species assemblages,yes,Frontiers in Marine Science,article,,,,,NA,,,,,
165,Drennan_etal_2021,"Drennan, R., Wiklund, H., Rabone, M., Georgieva, M.N., Dahlgren, T.G. and Glover, A.G., 2021. Neanthes goodayi sp. nov.(Annelida, Nereididae), a remarkable new annelid species living inside deep-sea polymetallic nodules. European Journal of Taxonomy, 760, pp.160-185.. https://doi.org/10.5852/ejt.2021.760.1447",yes,2021,macrofauna,morphology and molecular data,yes,yes,,y,na,,box core; EBS,y,,,,,2013; 2015,,1,,,,ABYSSLINE AB01; AB02,,,,1,,,1,1653,1,57,47,,,taxonomy/species description,,European Journal of Taxonomy,article,,,YES,y,use ABYSSLINE sites,,,,,
166,Durden_etal_2021,"Durden, J.M., Putts, M., Bingo, S.R.D., Leitner, A.B., Drazen, J.C., Gooday, A.J., Jones, D.O., Sweetman, A.K., Washburn, T.W. and Smith, C.R., 2021. Megafaunal ecology of the western Clarion Clipperton Zone. Frontiers in Marine Science, 8, p.722.",yes,2021,megafauna,morphology only (ROV imagery),no,yes,,,na,,ROV imagery (photos),no,refd but no number,,"mega morphotype, ROV dives- tricky site records, ",,2018,,126,,,,DeepCCZ,,,,,,159,159,1812,0,57,47,,,community composition/species assemblages,,Frontiers in Marine Science,article,,,,,,,,,,
10,Foell&Pawson_1986,"Foell EJ, Pawson DL (1986) Photographs of invertebrate megafauna from abyssal depths of the north-eastern Equatorial Pacific Ocean. Ohio J Sci 86:61–68.",yes,1986,megafauna,morphology only (imagery),no,n,2ndary,,24,"24 camera tows, 70,000 images",ROV imagery/video,,,,no site list,,,,70,,,says id'd as species but range of levels of identification (and certainty within),,,,,,,,,,,,,,,,,,,,,,,,,,,,
16,Foell&Pawson_1989,"Foell EJ, Hennigar HF, Pawson DL (1991) Assessment of abyssal benthic megafauna on a ferromanganese nodule deposit and videotaped television survey data. Trans Soc Mining, Metall 288:1854–1858.",yes,1989,megafauna,,no,,,,,"250 hrs videotape, 2149 photographs",ROV imagery/video,NA,,,,no- duplicate data,,,,,,,,DOMES site C,,,,,,,,,,,,,,,,,,,,,,,,,,
143,Fujimoto&Murakami_2020,"Fujimoto, S. and Murakami, C., 2020. A new genus and species of Nanaloricidae (Loricifera: Nanaloricida) from the Clarion-Clipperton Fracture Zone. Zoologischer Anzeiger, 289, pp.177-188.",yes,2020,meiofauna,morphology only (specimens),no,n,,y,2,2 stations (2 deployments),box core,y,,,,,2018,,,,,,DeepCCZ,,,1,1,,,2,1814,2,59,48,,benthic fauna/epifauna,taxonomy/species description,,Zoologischer Anzeiger,article,,,YES,y- in text,,,,,,
23,Fukushima&Imajima_1997,"Fukushima, T., Imajima, M., 1997. A study of a macrobenthos community in a deep sea resedimentation area. Proceedings of International Symposium on Environmental Studies for Deep-Sea Mining, Tokyo, Japan, November 20-21, 1997, pp. 331-335.",yes,1997,macrofauna,morphology only (specimens),no,n,,,na,,,no,,,,,,,,,,,,,,,,,,,,,,,,,,,,,,,,,,,,,,
30,Fukushima_etal_2000,"Fukushima, T., Shirayama, Y. and Kuboki, E., 2000. The characteristics of deep-sea epifaunal megabenthos community two years after an artificial rapid deposition event. Publications of the Seto Marine Biological Laboratory, 39(1), pp.17-27.",yes,2000,megafauna,morphology only (imagery),no,yes,,,,,towed camera,no,,,,,,,,,,,,,,,,11,,11,1825,0,59,48,,,,,,,,,YES,,,,,,,
144,Gebruk_etal_2020,"Gebruk, A.V., Kremenetskaia, A. and Rouse, G.W., 2020. A group of species “Psychropotes longicauda”(Psychropotidae, Elasipodida, Holothuroidea) from the Kuril-Kamchatka Trench area (North-West Pacific). Progress in Oceanography, 180, p.102222.",yes,2020,megafauna,morphology and molecular data,yes,yes,,y,,1 station,,y,,,,,,,,,,,,,,,1,1,,2,1827,1,60,49,,,,,,,,,YES,,,,,,,
118,Gheerardyn&George_2019,"Gheerardyn, H. and George, K.H., 2019. Description of a new species of Neoargestes Drzycimski, 1967 (Copepoda, Harpacticoida, Argestidae) from the Clarion Clipperton Fracture Zone (Pacific Ocean), with remarks on the systematics of the genus. Marine Biodiversity, 49(4), pp.1891-1912.",yes,2019,meiofauna,morphology only (specimens),no,n,,y,na,,multicorer,y,,,,,2015,,,,,,GSRNOD15A,,,,1,,,1,1828,1,61,50,,,taxonomy/species description,,Marine Biodiversity,article,,,YES,"no- in Pape et al., 2017",,,,,,
37,Glover_etal_2002,"Glover, A.G., Smith, C.R., Paterson, G.L.J., Wilson, G.D.F., Hawkins, L. and Sheader, M., 2002. Polychaete species diversity in the central Pacific abyss: local and regional patterns, and relationships with productivity. Marine Ecology Progress Series, 240, pp.157-170.",yes,2002,macrofauna,morphology only (specimens),no,yes,,,add,,NA,y,,,missing lat longs for DOMES,,NA,check,,,,,NA,,,,,4,378,382,2210,0,61,50,,,community composition/species assemblages,,,,,,,,,,,,,
78,Glover_etal_2016,"Glover, A.G., Wiklund, H., Rabone, M., Amon, D.J., Smith, C.R., O'Hara, T., Mah, C.L. and Dahlgren, T.G., 2016. Abyssal fauna of the UK-1 polymetallic nodule exploration claim, Clarion-Clipperton Zone, central Pacific Ocean: Echinodermata. Biodiversity data journal, (4).",yes,2016,megafauna,morphology and molecular data,yes,yes,,,add,,"box core; megacore; EBS, ROV",y,,,,,2013,"error with some of RV06 records- some were Divas records, some not.",17,,,"17 species, ",ABYSSLINE AB01,,,,,8,9,17,2227,0,61,50,,,community composition/species assemblages,,Biodiversity data journal,article,,,,y,,,,,,
102,Grischenko_etal_2018,"Grischenko, A.V., Gordon, D.P. and Melnik, V.P., 2018. Bryozoa (Cyclostomata and Ctenostomata) from polymetallic nodules in the Russian exploration area, Clarion-Clipperton Fracture Zone, eastern Pacific Ocean-taxon novelty and implications of mining. Zootaxa, 4484(1), pp.1-91.",yes,2018,macrofauna,morphology only (specimens),no,n,,y,na,,box core,y,,,,,2000-2016,,,,,,"BIE2000, YMG18–01, YMG4–04, YMG4–06, YMG4–07, YMG4–13, YMG4–14); GLD4–08, GLD4–09, GLD4–11, GLD4–1",,2,9,16,,3,30,2257,27,88,66,,,taxonomy/species description: MONOGRAPH,,Zootaxa,article,,,,y- in text,,,,,,
167,Grischenko_etal_2021,"Grischenko, A.V., Gordon, D.P. and Melnik, V.P., 2021. Vasopora ceramica n. gen., n. sp.—a new abyssal cyclostome bryozoan from polymetallic nodules in the Russian exploration area, Clarion–Clipperton Fracture Zone, eastern Pacific Ocean. Zootaxa, 5047(4), pp.444-452.",yes,2021,macrofauna,morphology only (specimens),no,n,,y,,,,y,,,,,,,,,,,,,,1,1,,,2,2259,2,90,67,,,,,,,,,YES,,,,,,,
145,Guggolz_etal_2020,"Guggolz, T., Meißner, K., Schwentner, M., Dahlgren, T.G., Wiklund, H., Bonifácio, P. and Brandt, A., 2020. High diversity and pan-oceanic distribution of deep-sea polychaetes: Prionospio and Aurospio (Annelida: Spionidae) in the Atlantic and Pacific Ocean. Organisms Diversity & Evolution, pp.1-17.",yes,2020,macrofauna,morphology and molecular data,yes,yes,,,,,"box core; megacore; EBS, ROV",y,,,no site v spp list,,2013; 2015,"overlap with Neal et al., 2022. SPECIES BREAKDOWN BY SITE",19,,,"21 spp, of which 2 named. NB some overlap with Neal et al., 2022",SO239 EcoResponse; ABYSSLINE AB01; AB02,,,,,1,11,12,2271,0,90,67,,,genetic studies,,Organisms Diversity & Evolution,article,,,,y- supmat,,,,,,
146,Harbour_etal_2020,"Harbour, R.P., Leitner, A.B., Ruehlemann, C., Vink, A. and Sweetman, A.K., 2020. Benthic and Demersal Scavenger Biodiversity in the Eastern End of the Clarion-Clipperton Zone–An Area Marked for Polymetallic Nodule Mining. Frontiers in Marine Science, 7, p.458.",yes,2020,megafauna,morphology only (imagery),no,yes,,,10,10 baited cameras,baited camera lander,y,,,,,,,12,,,12 taxa,,,,,,12,,12,2283,0,90,67,,,,,,,,,,,,,,,,
119,Hauqiuer_etal_2019,"Hauquier, F., Macheriotou, L., Bezerra, T.N., Egho, G., Martínez Arbizu, P. and Vanreusel, A., 2019. Distribution of free-living marine nematodes in the Clarion–Clipperton Zone: implications for future deep-sea mining scenarios. Biogeosciences, 16(18), pp.3475-3489.",yes,2019,meiofauna,morphology only (specimens),no,yes,,,,"18 stations (in each area, 3-6 multicore deployments were carried out)",multicorer,get data,,,missing spp vs site- emailed,,2015,,,,,156 genera,SO239 EcoResponse,,,,,35,2,37,2320,0,90,67,,,genetic studies,,Biogeosciences,article,,,,y,,,,,,
6,Hecker&Paul_1979,"Hecker, B, Paul, AZ (1979) Abyssal community structure of the benthic infauna of the eastern equatorial Pacific: DOMES sites A, B, and C. In: Bischoff, JL and Piper, DZ (eds) Marine Geology and Oceanography of the Pacific Manganese Nodule Province, Plenum Press, New York, NY, pp. 287-308.",yes,1979,macrofauna,morphology only (specimens),no,yes,,,80,80 box cores,,no,,,,,,,381,,,381 macrofauna,,8 expeditions,,,,,,,,,,,,,,,,,,,,,,,,,,
103,Herzog_etal_2018,"Herzog, S., Amon, D.J., Smith, C.R. and Janussen, D., 2018. Two new species of Sympagella (Porifera: Hexactinellida: Rossellidae) collected from the Clarion-Clipperton Zone, East Pacific. Zootaxa, 4466(1), pp.152-163. https://doi.org/10.11646/zootaxa.4466.1.12",yes,2018,megafauna,morphology only (specimens),no,n,,y,na,,ROV,y,,,check abund,,2013,,,,,,ABYSSLINE AB01,,,,2,,,2,2322,2,92,69,,,taxonomy/species description,,Zootaxa,article,,,YES,y,,,,,,
120,Jakiel_etal_2019,"Jakiel, A., Palero, F. and B?a?ewicz, M., 2019. Deep ocean seascape and pseudotanaidae (crustacea: tanaidacea) diversity at the clarion-clipperton fracture Zone. Scientific reports, 9(1), pp.1-49.. https://doi.org/10.1038/s41598-019-51434-z",yes,2019,macrofauna,morphology and molecular data,not avail,yes,,y,,,EBS,y,,,site v spp- table in ms- pull out,,2015,,,,,,SO239 EcoResponse,,,1,13,,2,16,2338,14,106,82,"where is genbank data? Emailed Ferran 29 march 2021. Abstract says 14 new species, 2 of them new taxa, but is 13 new species, plus 2 virtual taxa",,taxonomy/species description,,Scientific Reports,article,y,,,y,,,,,,
69,Janssen_etal_2015,"Janssen, A., Kaiser, S., Meissner, K., Brenke, N., Menot, L. and Martínez Arbizu, P., 2015. A reverse taxonomic approach to assess macrofaunal distribution patterns in abyssal Pacific polymetallic nodule fields. Plos one, 10(2), p.e0117790.",yes,2015,macrofauna,molecular data only,yes,yes,,,15,15 EBS,EBS,y,65 MOTUs singletons,,,,2010; 2012,,"21 taxa, 95 motus",1900,,"21 taxa, 95 motus",MANGAN; SO205; Bionod 12,"BGR east, IFREMER",,,,2,4,6,2344,0,106,82,,,genetic studies,,PLoS ONE,article,,,,y,,,,,,
121,Janssen_etal_2019,"Janssen, A., Stuckas, H., Vink, A. and Arbizu, P.M., 2019. Biogeography and population structure of predominant macrofaunal taxa (Annelida and Isopoda) in abyssal polymetallic nodule fields: implications for conservation and management. Marine Biodiversity, 49(6), pp.2641-2658.",yes,2019,macrofauna,molecular data only,yes,n,,,22,22 stations,EBS,poss,,,,,2010; 2012; 2013; 2014,,10 (subsampled),,,"morphospp subselected- 4 poly, 4 iso","Bionod 2012; MANGAN, 2010; 2013; 3014",,,,,2,8,10,2354,0,106,82,genbank data via Eva,,genetic studies,,Marine Biodiversity,article,,,,y,,,,,,
168,Jazdzewska_etal_2021a,"Ja?d?ewska, A.M., Brandt, A., Martínez Arbizu, P. and Vink, A., 2021. Exploring the diversity of the deep sea—four new species of the amphipod genus Oedicerina described using morphological and molecular methods. Zoological Journal of the Linnean Society. 1-45. https://doi.org/10.1093/zoolinnean/zlab032",yes,2021,macrofauna,morphology and molecular data,yes,yes,,y,,6 stations,EBS,,,,poss add,yes but secondary data..,2015; 2016; 2018,"check genbank records- not on db. Published 2021, issue- 2022",7 specimens,,,,ABYSSLINE AB02; MANGAN 2016; 2018,,,,2,,,2,2356,2,108,84,,,taxonomy/species description/ genetic studies,,Zoological Journal of the Linnean Society,article,,,,,,,,,,
169,Jazdzewska_etal_2021b,"Jaz?dz?ewska AM, Horton T, Hendrycks E, Mamos T, Driskell AC,
Brix S and Martínez Arbizu P (2021) Pandora’s Box in the Deep
Sea –Intraspecific Diversity Patterns and Distribution of Two Congeneric Scavenging Amphipods. Front. Mar. Sci. 8:750180.
doi: 10.3389/fmars.2021.750180",yes,2021,macrofauna,morphology and molecular data,existing data,yes,,,na,,,,,,,poss- using existing data,,Same motus as Lupita but different coding- ask L. where does this fit with Lupitas paper- Paralicella caperesca 6 MOTUS,,,,,,,,,,,,,,,,,,,,,,,,,,,,,,,,
170,Jones_etal_2021,"Jones, D.O., Simon-Lledó, E., Amon, D.J., Bett, B.J., Caulle, C., Clément, L., Connelly, D.P., Dahlgren, T.G., Durden, J.M., Drazen, J.C. and Felden, J., 2021. Environment, ecology, and potential effectiveness of an area protected from deep-sea mining (Clarion Clipperton Zone, abyssal Pacific). Progress in Oceanography, 197, p.102653.",yes,2021,macrofauna,morphology and molecular data,existing data,yes,,,,,,y,,,records duplicated elsewhere,,,some of these morphospp names be in DD also,,,,incl morphospp ifrom UKSRL data- will also be in DD,,,,,,,,,,,,,,,,,,,,,,,,,,,,
62,Kaiser_2014,"Kaiser, S., 2014. New species of Hebefustis Siebenaller & Hessler 1977 (Isopoda, Asellota, Nannoniscidae) from the Clarion Clipperton Fracture Zone (equatorial NE Pacific). Zootaxa, 3784(2), pp.101-119.",yes,2014,macrofauna,morphology only (specimens),no,n,,y,,3 stations,EBS,y,,,,,2012,,,,,,BIONOD,,,,2,,,2,2358,2,110,86,not in Paulos report,nodule fauna,taxonomy/species description,,Zootaxa,article,,,YES,y-in text,,,,,,
91,Kaiser_etal_2018,"Kaiser, S., Brix, S., Kihara, T.C., Janssen, A. and Jennings, R.M., 2018. Integrative species delimitation in the deep-sea genus Thaumastosoma Hessler, 1970 (Isopoda, Asellota, Nannoniscidae) reveals a new genus and species from the Atlantic and central Pacific abyss. Deep Sea Research Part II: Topical Studies in Oceanography, 148, pp.151-179. https://doi.org/10.1016/j.dsr2.2017.05.006",yes,2018,macrofauna,morphology and molecular data,yes,n,,y,,4 stations,EBS,y,,,,,,check year published- 2017 or 2018,,,,,,,,1,1,,1,3,2361,2,112,87,,,taxonomy/species description,,Deep Sea Research Part II: Topical Studies in Oceanography,article,,,YES,,,,,,,
171,Kaiser_etal_2021,"Kaiser, S., Kihara, T.C., Brix, S., Mohrbeck, I., Janssen, A. and Jennings, R.M., 2021. Species boundaries and phylogeographic patterns in new species of Nannoniscus (Janiroidea: Nannoniscidae) from the equatorial Pacific nodule province inferred from mtDNA and morphology. Zoological Journal of the Linnean Society. zlaa174. doi:10.1093/zoolinnean/zlaa174",yes,2021,macrofauna,morphology and molecular data,yes,yes,,y,,22 stations,EBS,y,,,check w Steffi= no other material recorded,,2012; 2013; 2014; 2015,,,,,,BIONOD; MANGAN 2013; 2014; ABYSSLINE AB02; S0239,,,,5,,,5,2366,5,117,92,,,taxonomy/species description,,Zoological Journal of the Linnean Society,article,,,,y,,,,,,
104,Kersken_etal_2018a,"Kersken, D., Janussen, D. and Arbizu, P.M., 2018. Deep-sea glass sponges (Hexactinellida) from polymetallic nodule fields in the Clarion-Clipperton Fracture Zone (CCFZ), northeastern Pacific: Part I–Amphidiscophora. Marine Biodiversity, 48(1), pp.545-573.",yes,2018,megafauna,morphology and molecular data,existing data,n,,y,10,10 stations/dives,ROV,y,,,,,2015,,9,19,,,SO239 Ecoresponse,,,,3,6,,9,2375,3,120,95,issues w Kersken papers,,taxonomy/species description,,Marine Biodiversity,article,,,,y,,,,,,
105,Kersken_etal_2018b,"Kersken, D., Kocot, K., Janussen, D., Schell, T., Pfenninger, M. and Arbizu, P.M., 2018. First insights into the phylogeny of deep-sea glass sponges (Hexactinellida) from polymetallic nodule fields in the Clarion-Clipperton Fracture Zone (CCFZ), northeastern Pacific. Hydrobiologia, 811(1), pp.283-293. doi:10.1007/s10750-017-3498-3",yes,2018,megafauna,morphology and molecular data,yes,n,,,na,,ROV,no,,,most records in 2018a,,2015,,,,,,SO239 Ecoresponse,,,,,6,,6,2381,0,120,95,sourced from supmat,,genetic studies,,Hydrobiologia,article,,,,y,,,,,,
123,Kersken_etal_2019,"Kersken, D., Janussen, D. and Arbizu, P.M., 2019. Deep-sea glass sponges (Hexactinellida) from polymetallic nodule fields in the Clarion-Clipperton Fracture Zone (CCFZ), northeastern Pacific: Part II—Hexasterophora. Marine Biodiversity, 49(2), pp.947-987. https://doi.org/10.1007/s12526-018-0880-y",yes,2019,megafauna,morphology and molecular data,existing data,n,,y,12,,ROV,y,,,,,2015,SPECIES BREAKDOWN BY SITE,14,,,,SO239 Ecoresponse,,,,6,8,,14,2395,6,126,101,issues w Kersken papers,,taxonomy/species description,,Marine Biodiversity,article,,,,y,,,,,,
93,Kersten_etal_2017,"Kersten, O., Smith, C.R. and Vetter, E.W., 2017. Abyssal near-bottom dispersal stages of benthic invertebrates in the Clarion-Clipperton polymetallic nodule province. Deep Sea Research Part I: Oceanographic Research Papers, 127, pp.31-40.",yes,2017,macrofauna,molecular data only,yes,n,,,na,,plankton pump; sediment trap,n,,,metabarcoding,,2015,SPECIES BREAKDOWN BY SITE,27,,,"27 OTUs, nb indet not undescribed new spp",ABYSSLINE AB02,,,,,5,22,27,2422,0,126,101,only 1 record to genus. Morphotypes,,general biology,,Deep Sea Research Part I: Oceanographic Research Papers,article,,,,,,,,,,
124,Kersten_etal_2019,"Kersten, O., Vetter, E.W., Jungbluth, M.J., Smith, C.R. and Goetze, E., 2019. Larval assemblages over the abyssal plain in the Pacific are highly diverse and spatially patchy. PeerJ, 7, p.e7691.",yes,2019,meroplankton,molecular data only,yes- genomic data,yes,,,na,12 deployments?,plankton pump,n,,,metabarcoding,,2015,SPECIES BREAKDOWN BY SITE,95,,,95/110/73 motus,ABYSSLINE AB02,,,,,95,,95,2517,0,126,101,metabarcoding data of meroplankton,,,,PeerJ,article,,,,,,,,,,
194,Khodami_etal_2020,"Genus level molecular phylogeny of Aegisthidae Gisbrecht, 1893 (Copepoda: Harpacticoida) reveals morphological adaptations to deep-sea and plagic habitats",yes,2020,meiofauna,morphology and molecular data,yes,yes,,,42,,,n,,,not species level- poss add anyway,,,,,,,,,,,,,,,,,,,,,,,,,,,,,,,,,,,
31,Kim_etal_2000,"Kim, D.S., Hyun, J.H., Choi, J.W., Lee, K.Y. 2000. Meiobenthic Faunal Communities of the Deep-sea Sediments in the Northeastern Pacific along a Latitudinal Transect. The Sea: JOURNAL OF THE KOREAN SOCIETY OF OCEANOGRAPHY, 5(3), pp.245-254.",yes,2000,meiofauna,morphology only (specimens),no,yes,,,10,10 stations,multi core,n,,,,,,,,,,,,,,,,,,,,,,,,,,,,,,,,,,,,,,
125,Kristensen_etal_2019,"Kristensen, R.M., Gooday, A.J. and Goineau, A., 2019. Loricifera inhabiting spherical agglutinated structures in the abyssal eastern equatorial Pacific nodule fields. Marine Biodiversity, 49(5), pp.2455-2466.",yes,2019,meiofauna,morphology only (specimens),no,yes,,,4,4 megacore,,n,,,,,,,,,,,,,,,,2,,2,2519,0,126,101,,,,,,,,,,,,,,,,
172,Kupryanova_etal_2021,"Kupriyanova, E.K., Bailey-Brock, J. and Nishi, E., 2011. New records of Serpulidae (Annelida, Polychaeta) collected by R/V “Vityaz” from bathyal and abyssal depths of the Pacific Ocean. Zootaxa, 2871(1), pp.43-60.",yes,2021,macrofauna,morphology only (specimens),no,n,2ndary,,,,,where?,,,,,,,1,3,,,,,,,,1,,1,2520,0,126,101,,,,,,,,,YES,,,,,,,
126,Laakmann_etal_2019,"Laakmann, S., Markhaseva, E.L. and Renz, J., 2019. Do molecular phylogenies unravel the relationships among the evolutionary young “Brafordian” families (Copepoda; Calanoida)?. Molecular phylogenetics and evolution, 130, pp.330-345.",yes,2019,meiofauna,morphology and molecular data,yes,yes,,,na,,,n,,,collected at depth but poss pelagic,,2013,,,,,,MANGAN 2013,,,,,2,,2,2522,0,126,101,TO include apart from sample at 286 depth,,,,Molecular phylogenetics and evolution,article,,,,,,,,,,
38,Lambshead_etal_2003,"Lambshead, P. J. D., Brown, C. J., Ferrero, T. J., Hawkins, L. E., Smith, C. R., & Mitchell, N. J. (2003). Biodiversity of nematode assemblages from the region of the Clarion-Clipperton Fracture Zone, an area of commercial mining interest. BMC ecology, 3(1), 1-12.",yes,2002,macrofauna,morphology only (specimens),no,yes,,,,,NA,get data,,,no species list- poss add anyway,,NA,,200,3321,,,NA,EQPAC (JGFOS),,,,53,,53,2575,0,126,101,,,community composition/species assemblages,,,,,,,,,,,,,
173,Laming_etal_2021,"Laming, S.R., Christodoulou, M., Arbizu, P.M. and Hilário, A., 2021. Comparative reproductive biology of deep-sea ophiuroids inhabiting polymetallic-nodule fields in the Clarion-Clipperton Fracture Zone. Frontiers in Marine Science. 8:663798. doi: 10.3389/fmars.2021.663798",yes,2021,macrofauna,morphology and molecular data,yes,yes,,,na,,ROV,n,,,no spp v site list,,2015; 2019,check genbank records- not on db,,,,,SO239 EcoResponse; SO268 R/V Sonne,,,,,2,,2,2577,0,126,101,preprint,,general biology,,Frontiers in Marine Science,article,,,,Y,,,,,,
195,Laroche_etal_2020,"Laroche, O., Kersten, O., Smith, C.R. and Goetze, E., 2020. From sea surface to seafloor: a benthic allochthonous eDNA survey for the abyssal ocean. Frontiers in Marine Science, 7, p.682. doi:10.3389/fmars.2020.00682",yes,2018,all,molecular data only,yes- genomic data,yes,,,,,ROV push core,n,,,,,,,,,,,,,,,,,,,,,,,,,,,,,,,,,,,,,,
63,Larsen&Arauijo-Silva_2014,"Larsen, K. and Araujo-Silva, C., 2014. A new genus of Colletteidae (Crustacea: Peracarida: Tanaidacea) from the Pacific with comments on dimorphic males with species specific characters. Journal of the Marine Biological Association of the United Kingdom, 94(5), pp.969-974.",yes,2014,macrofauna,morphology only (specimens),no,n,,y,na,,EBS,y,,,,,2012,,,,,,BIONOD,,,,1,,,1,2578,1,127,102,ref'd in Chim&Tong_2020,,taxonomy/species description,,Journal of the Marine Biological Association of the United Kingdom,article,,,YES,,,,,,,
27,Larsen_1999,"Larsen, K., 1999. Pacific Tanaidacea (Crustacea): Revision of the genus Agathotanais with description of three new species. RECORDS-AUSTRALIAN MUSEUM, 51, pp.99-112.",yes,1999,macrofauna,morphology only (specimens),no,n,,y,na,,NA,y,,,,,NA,,,,,,NA,,,,,,,,,,,,ref'd in Chim&Tong_2020,,species description,,,,,,,,,,,,,
53,Larsen_2011a,"Larsen, K., 2011. Tanaidaceans (Crustacea) from the Central Pacific Manganese Nodule Province. I. The genera Collettea, Robustochelia and Tumidochelia. ZooKeys, (87), p.19.",yes,2011,macrofauna,morphology only (specimens),no,yes,,y,na,,box core; spade corer,y,,,not clear if only specimens- Larsen only given types,,2004,,,,,,NODINAUT,,,,4,,,4,2582,4,131,106,ref'd in Chim&Tong_2020,,taxonomy/species description,,Zookeys,article,,,YES,y- in text,,,,,,
54,Larsen_2011b,"Larsen, K., 2011. The tanaidacean assemblage from the Central Pacific Manganese Nodule Province. II. The genera Stenotanais and Typhlotanais (Crustacea). Zootaxa, 3088(1), pp.39-53.",yes,2011,macrofauna,morphology only (specimens),no,n,,y,na,,box core; spade corer,y,,,not clear if only specimens- Larsen only given types,,2004,,,,,,NODINAUT,,,,2,,,2,2584,2,133,108,ref'd in Chim&Tong_2020,,taxonomy/species description,,Zootaxa,article,,,YES,y- in text,,,,,,
94,Leitner_etal_2017,"Leitner, A.B., Neuheimer, A.B., Donlon, E., Smith, C.R. and Drazen, J.C., 2017. Environmental and bathymetric influences on abyssal bait-attending communities of the Clarion Clipperton Zone. Deep Sea Research Part I: Oceanographic Research Papers, 125, pp.65-80.",yes,2017,megafauna,morphology only (specimens),no,yes,,,13,,baited camera lander,y,,,,,2015,,15,,,15 taxa,ABYSSLINE AB02; EQPAC,OMS/UK-1/APEI-3,,,,12,3,15,2599,0,133,108,,,community composition/species assemblages,,Deep Sea Research Part I: Oceanographic Research Papers,article,,,,Y,,,,,,
174,Leitner_etal_2021,"Leitner, A.B., Drazen, J.C. and Smith, C.R., 2021. Testing the Seamount Refuge Hypothesis for Predators and Scavengers in the Western Clarion-Clipperton Zone. Frontiers in Marine Science, p.1146.",yes,2021,megafauna,morphology only (ROV imagery),no,yes,,,17,,camera lander for seafloor imagery,y,,,,,2018,,22,,,,DeepCCZ,,,,,20,1,21,2620,0,133,108,,,,,Frontiers in Marine Science,article,,,,y,table 1,,,,,
175,Leitner_etal_2021b,"Leitner, A.B., Durden, J.M., Smith, C.R., Klingberg, E.D. and Drazen, J.C., 2021. Synaphobranchid eel swarms on abyssal seamounts: Largest aggregation of fishes ever observed at abyssal depths. Deep Sea Research Part I: Oceanographic Research Papers, 167, p.103423.",yes,2021,megafauna,,no,yes,,,,,,y,,,,,,,,,,,,,,,,,,,,,,,"duplicate of data in Leitner et al., 2021",,,,,,,,,,,,,,,
176,Lejzerowicz_etal_2021,"Lejzerowicz, F., Gooday, A.J., Barrenechea Angeles, I., Cordier, T., Morard, R., Apothéloz-Perret-Gentil, L., Lins, L., Menot, L., Brandt, A., Levin, L.A. and Martinez Arbizu, P., 2021. Eukaryotic biodiversity and spatial patterns in the Clarion-Clipperton zone and other abyssal regions: insights from sediment DNA and RNA metabarcoding. Frontiers in Marine Science, 8, p.536.",yes,2021,meiofauna,molecular data only,yes,yes,,,,,,n,,,,,,,,,,,,,,,,,,,,,,,,,,,,,,,,,,,,,,
95,Lim_etal_2017,"Lim, S.C., Wiklund, H., Glover, A.G., Dahlgren, T.G. and Tan, K.S., 2017. A new genus and species of abyssal sponge commonly encrusting polymetallic nodules in the Clarion-Clipperton Zone, East Pacific Ocean. Systematics and biodiversity, 15(6), pp.507-519. https://doi.org/10.1080/14772000.2017.1358218",yes,2017,macrofauna,morphology and molecular data,yes,n,,y,,11 stations,box core,y,,,,,2015,,,,,,ABYSSLINE AB01,,,1,1,,,2,2622,2,135,109,,,taxonomy/species description,,Systematics and biodiversity,article,,,YES,y- in text,,,,,,
177,Lorz&Horton_2021,"Lörz, A.N. and Horton, T., 2021. Investigation of the Amathillopsidae (Amphipoda, Crustacea), including the description of a new species, reveals a clinging lifestyle in the deep sea worldwide. ZooKeys, 1031, p.19.",yes,2021,macrofauna,morphology and molecular data,yes,yes,,,na,,,n,,,,,,,,,,,,,,,,1,,1,2623,0,135,109,,,,,,,,,,,,,,,,
148,Macheriotou_etal_2020,"Macheriotou, L., Rigaux, A., Derycke, S. and Vanreusel, A., 2020. Phylogenetic clustering and rarity imply risk of local species extinction in prospective deep-sea mining areas of the Clarion–Clipperton Fracture Zone. Proceedings of the Royal Society B, 287(1924), p.20192666.",yes,2020,meiofauna,molecular data only,yes- genomic data,yes,,,23,23 stations,,n,,,,,,,,,,,,,,,,47,,47,2670,0,135,109,,,,,,,,,,,,,,,,
149,Maciolek_2020,"Maciolek, N.J., 2020. Anguillosyllis (Annelida: Syllidae) from multiple deep-water locations in the northern and southern hemispheres. Zootaxa, 4793(1), pp.1-73.",yes,2020,macrofauna,morphology only (specimens),no,yes,,y,na,,box core,y,,,,,1983; 1993; 1994,,,,,,NOAA DOMES; NOAA BIE,,,,2,1,,3,2673,2,137,111,from datasetName in GBIF,,taxonomy/species description,,Zootaxa,article,,,YES,,,,,,,
49,Mahatma_2009,"Mahatma, R., 2009. Meiofauna communities of the Pacific Nodule Province: abundance, diversity and community structure (Doctoral dissertation, Universität Oldenburg).",yes,2009,meiofauna,morphology only (specimens),no,yes,,,,,,n,,,no spp v site list,,,,,,,,,,,,,43,,43,2716,0,137,111,,,,,,thesis,,,,,,,,,,
47,Mahatma_etal_2008,"Mahatma, R., Arbizu, P.M. and Ivanenko, V.N., 2008. A new genus and species of Brychiopontiidae Humes, 1974 (Crustacea: Copepoda: Siphonostomatoida) associated with an abyssal holothurian in the Northeast Pacific nodule province. Zootaxa, 1866(1), pp.290-302.",yes,2008,meiofauna,morphology only (specimens),no,n,,y,1,1 dive/stn,,y,,,,,,,,,,,,,,1,1,1,,3,2719,2,139,112,,,,,,,,,YES,,,,,,,
55,Malyutina_2011,"Malyutina, M.V., 2011. Description of two new species of munnopsid isopods (Crustacea: Isopoda: Asellota) from manganese nodules area of the Clarion-Clipperton Fracture Zone, Pacific Ocean. Zootaxa, 2783(1), pp.1-20.",yes,2011,macrofauna,morphology only (specimens),no,n,,y,na,,NA,y,,,,,"2000, 2003, 2006 and 2007",,,,,,combination (multiple YUZ expeditions),,,,2,,,2,2721,2,141,114,,nodule fauna,taxonomy/species description,,Zootaxa,article,,,YES,y- in text,,,,,,
150,Malyutina_etal_2020,"Malyutina, M.V., Kihara, T.C. and Brix, S., 2020. A new genus of Munnopsidae Lilljeborg, 1864 (Crustacea, Isopoda), with descriptions of two abyssal new species from the Clarion Clipperton Fracture Zone, north-eastern tropical Pacific. Marine Biodiversity, 50, pp.1-31.. https://doi.org/10.1007/s12526-020-01061-z",yes,2020,macrofauna,morphology and molecular data,yes,n,,y,,,EBS,y,,,where is paper?4,,2015,,,,,,SO239 EcoResponse,,,1,2,,,3,2724,3,144,116,"all info in BoLD database- Brix et al., 2019. 862 sequences in BOLD  Dataset-DSLOCOM Locomotion of adult isopods influences distribution",,taxonomy/species description,,Marine Biodiversity,article,,,YES,y,,,,,,
96,Markhaseva_etal_2017,"Markhaseva, E.L., Mohrbeck, I. and Renz, J., 2017. Description of Pseudeuchaeta vulgaris n. sp.(Copepoda: Calanoida), a new aetideid species from the deep Pacific Ocean with notes on the biogeography of benthopelagic aetideid calanoids. Marine Biodiversity, 47(2), pp.289-297.. https://doi.org/10.1007/s12526-016-0527-9",yes,2017,meiofauna,morphology only (specimens),no,n,,y,na,,EBS,y,,,,,2013,,,,,,ABYSSLINE AB01; Mangan 2013,,,,1,,,1,2725,1,145,117,,,taxonomy/species description,,Marine Biodiversity,article,,,YES,y- in text,,,,,,
64,Matsuyama_etal_2014,"Matsuyama, K., Janssen, A., Arbizu, P.M., Martha, S.O. and Freiwald, A., 2014. Bryozoans from RV Sonne deep-sea cruises SO 167 ‘Louisville’and SO 205 ‘Mangan’. Zootaxa, 3856(1), pp.100-116.",yes,2014,macrofauna,morphology only (specimens),no,n,,y,5,5 deployments,EBS,y,,,,,2010,,,,,,SO 205 MANGAN,,,,1,2,,3,2728,1,146,118,,,taxonomy/species description/ distributional records,,Zootaxa,article,,,YES,,,,,,,
196,Menzel_2011,"Menzel, L., 2011. First descriptions of copepodid stages, sexual dimorphism and intraspecific variability of Mesocletodes Sars, 1909 (Copepoda, Harpacticoida, Argestidae), including the description of a new species with broad abyssal distribution. ZooKeys, (96), p.39.",yes,2011,meiofauna,,no,yes,,,,,,no,,,,,,found july 2022,,,,,,,,,,,,,,,,,,,,,,,,,,,,,,,,
127,Mercado-Salas_etal_2019,"Mercado-Salas, N.F., Khodami, S. and Arbizu, P.M., 2019. Convergent evolution of mouthparts morphology between Siphonostomatoida and a new genus of deep-sea Aegisthidae Giesbrecht, 1893 (Copepoda: Harpacticoida). Marine Biodiversity, 49(4), pp.1635-1655.. https://doi.org/10.1007/s12526-018-0932-3",yes,2019,meiofauna,morphology and molecular data,yes,n,,y,3,3 stations,EBS,y,,,,,2015,,,,,,SO239 EcoResponse,,,1,2,,,3,2731,3,149,120,"no molecular methods- a phylogenetics paper in prep ""The inclusion of the new genus within the Aegisthidae was also tested by molecular methods, and the phylogenetic position of
Siphonis gen. nov. will be discussed in a future paper""",,taxonomy/species description,,Marine Biodiversity,article,,,YES,y,,,,,,
57,Miljuntina&Miljutin_2012,"Miljutina, M.A. and Miljutin, D.M., 2012. Seven new and four known species of the genus Acantholaimus (Nematoda: Chromadoridae) from the abyssal manganese nodule field (Clarion-Clipperton Fracture Zone, North-Eastern Tropical Pacific). Helgoland Marine Research, 66(3), pp.413-462.",yes,2012,meiofauna,morphology only (specimens),no,yes,,y,14,14 stations,multicorer; ROV,y,,,,,2004,,11,,,,NODINAUT,,,,7,4,,11,2742,7,156,127,not in Paulos report,benthic fauna/epifauna,taxonomy/species description,,Helgoland Marine Research,article,,,,y,,,,,,
50,Miljutin&Miljuntina_2009a,"Miljutin, D.M. and Miljutina, M.A., 2009. Description of Bathynema nodinauti gen. n., sp. n. and four new Trophomera species (Nematoda: Benthimermithidae) from the Clarion-Clipperton Fracture Zone (Eastern Tropic Pacific), supplemented with the keys to genera and species. Zootaxa, 2096(1), pp.173-196.",yes,2009,meiofauna,morphology only (specimens),no,yes,,y,12,12 stations,multicorer; box core; ROV,y,,,,,2004,,7,,,,NODINAUT,,,,6,1,,7,2749,6,162,133,not in Paulos report,benthic fauna/epifauna,taxonomy/species description,,Zootaxa,article,,,,y- in text,,,,,,
51,Miljutin&Miljuntina_2009b,"Miljutin, D.M. and Miljutina, M.A., 2009. Deep-sea nematodes of the family Microlaimidae from the Clarion-Clipperton Fracture Zone (North-Eastern Tropic Pacific), with the descriptions of three new species. Zootaxa, 2096(1), pp.137-172.",yes,2009,meiofauna,morphology only (specimens),no,yes,,y,,,multicorer; box core; ROV,y,,,,,2004,,,,,,NODINAUT,,,,3,,,3,2752,3,165,136,not in Paulos report,benthic fauna/epifauna,taxonomy/species description,,Zootaxa,article,,,,y,,,,,,
80,Miljutin&Miljutina_2016,"Miljutin, D.M. and Miljutina, M.A., 2016. Intraspecific variability of morphological characters in the species-rich deep-sea genus Acantholaimus Allgén, 1933 (Nematoda: Chromadoridae). Nematology, 18(4), pp.455-473.",yes,2016,meiofauna,morphology only (specimens),yes,n,,,5,"5 stations, 5 cores",multicorer,get data,,,no- subset,,,,27,,,27 MOTUS,,,,,,1,,1,2753,0,165,136,sourced via GBIF Genbank records,,,,Nematology,article,,sourced via GBIF Genbank records,YES,,contract area not given- map to find,,,,,
56,Miljutin_etal_2011,"Miljutin, D.M., Miljutina, M.A., Arbizu, P.M. and Galéron, J., 2011. Deep-sea nematode assemblage has not recovered 26 years after experimental mining of polymetallic nodules (Clarion-Clipperton Fracture Zone, Tropical Eastern Pacific). Deep Sea Research Part I: Oceanographic Research Papers, 58(8), pp.885-897.",yes,2011,meiofauna,morphology only (specimens),no,n,,,,,multicorer; box core,get data,,,not avail,,,,137,,,137 species,,,,,,42,8,50,2803,0,165,136,,,,,,,,,,,,,,,,
70,Miljutin_etal_2015,"Miljutin, D., Miljutina, M. and Messié, M., 2015. Changes in abundance and community structure of nematodes from the abyssal polymetallic nodule field, Tropical Northeast Pacific. Deep Sea Research Part I: Oceanographic Research Papers, 106, pp.126-135.",yes,2015,meiofauna,morphology only (specimens),no,n,,,19,19 stations,multicorer,,,,,,,email for full list,,,,id'd to genus level,,IFREMER,,,,21,,21,2824,0,165,136,list most abundant genera only,,,,,,,,,,,,,,,
52,Miljutina_etal_2010,"Miljutina, M.A., Miljutin, D.M., Mahatma, R. and Galéron, J., 2010. Deep-sea nematode assemblages of the Clarion-Clipperton Nodule Province (tropical north-eastern Pacific). Marine Biodiversity, 40(1), pp.1-15. https://doi.org/10.1007/s12526-009-0029-0",yes,2010,meiofauna,morphology only (specimens),no,n,,,21,"14 stations, 21 cores",multicorer; box core,,,,,,2004,,325,2174,,"325 putative spp., 97 valide genera, 33 valid families",NODINAUT,,,,,39,,39,2863,0,165,136,,,community composition/species assemblages,,Marine Biodiversity,article,,,,y,,,,,,
106,Min_etal_2018,"Min, W.G., Kim, D., Rho, H.S., Chi, S.B. and Son, S.K., 2018. Distribution and variability of the meiobenthic assemblages near the Korean polymetallic nodule claim area of the Clarion-Clipperton Fracture zone (subequatorial NE Pacific). Ocean Science Journal, 53(2), pp.315-336.",yes,2018,meiofauna,morphology only (specimens),no,n,,,29,,NA,no,,,,,NA,,,,,,KODOS 1998; 1999; 2001; 2003; 2004; 2005,,,,,8,,8,2871,0,165,136,only id'd to high taxon level,,community composition/species assemblages,,Ocean Science Journal,article,,,,y,,,,,,
179,Mohrbeck_etal_2021,"Mohrbeck, I., Horton, T., Ja?d?ewska, A.M. and Arbizu, P.M., 2021. DNA barcoding and cryptic diversity of deep-sea scavenging amphipods in the Clarion-Clipperton Zone (Eastern Equatorial Pacific). Marine Biodiversity, 51(2), pp.1-15.",yes,2021,megafauna,morphology and molecular data,yes,yes,,,10,10 baited traps,baited trap,add,,,add,,2013; 2015,SPECIES BREAKDOWN BY SITE,10,645,,says morphospp but all are named (some with xf),ABYSSLINE AB01; ABYSSLINE AB02,,,,,10,,10,2881,0,165,136,,,genetic studies,,Marine Biodiversity,article,,,,y,,,,,,
97,Molodtsova&Opresko_2017,"Molodtsova, T.N. and Opresko, D.M., 2017. Black corals (Anthozoa: Antipatharia) of the clarion-clipperton fracture zone. Marine Biodiversity, 47(2), pp.349-365. https://doi.org/10.1007/s12526-017-0659-6",yes,2017,megafauna,morphology only (specimens),no,n,,y,na,,NA,y,,,,,2004; 2013,,,,,,NODINAUT; MANGAN 2013,,,1,1,5,,7,2888,2,167,137,,,taxonomy/species description,,Marine Biodiversity,article,,,,y- in text,,,,,,
20,Morgan_etal_1993,"Morgan, C. L., Nichols, J. A., Selk, B. W., Toth, J. R. and Wallin, C. 1993. ‘Preliminary analysis of exploration data from Pacific deposits of manganese nodules’, Marine Georesources and Geotechnology, 11, 1-25.",yes,1993,megafauna,morphology only (specimens and imagery),no,yes,,,na,,"ROV imagery (sills + video), dredges, box cores, free-fall grab samples",no,,,no site v spp list,,,,,,,,,16 OMCA expeditions,,,,,,,,,,,,,,,,,,,,,,,,,,
12,Mullineaux_1987,"Mullineaux, L.S., 1987. Organisms living on manganese nodules and crusts: distribution and abundance at three North Pacific sites. Deep Sea Research Part A. Oceanographic Research Papers, 34(2), pp.165-184.",yes,1987,macrofauna,morphology only (specimens),no,n,,,21,21 box cores,box core,no,,,site info unclear,,,,,,,,,,,,,,,,,,,,,,,,,,,,,,,,,,,
184,Neal_etal_2022a,"Abyssal fauna of polymetallic nodule exploration areas, eastern Clarion-Clipperton Zone, central Pacific Ocean: Annelida: Spionidae and Poecilochaetidae ",yes,2022,macrofauna,morphology and molecular data,yes,yes,,y,,,NA,y,,,,july 2022- not yet published,NA,add genbank nos),,,,,NA,,,,,,,,,,,,,,taxonomy/species description/distributional records,,Marine Biodiversity,article in prep,,,,Y,,,,,,
43,O’Loughlin&Ahearn_2005,"O’Loughlin, P.M. and Ahearn, C.Y.N.T.H.I.A., 2005. A review of pygal-furrowed Synallactidae (Echinodermata: Holothuroidea), with new species from the Antarctic, Atlantic and Pacific oceans. Memoirs of Museum Victoria, 62(2), pp.147-179.",yes,2005,megafauna,morphology only (speciimens),no,yes,,y,,,,,no info on other material,,,,,,,,,,,,,,1,2,,3,2891,1,168,138,,,,,,,,,YES,,,,,,,
98,Pape_etal_2017,"Pape, E., Bezerra, T.N., Hauquier, F. and Vanreusel, A., 2017. Limited spatial and temporal variability in meiofauna and nematode communities at distant but environmentally similar sites in an area of interest for deep-sea mining. Frontiers in Marine Science, 4, p.205.",yes,2017,meiofauna,morphology only (specimens),no,yes,,,13,13 multicores,multicorer,poss,,,not avail,,2015,,13,,,13 species,GSRNOD15A; SO239,,,,,25,,25,2916,0,168,138,"note in paper- ""Some genera are hard to distinguish based on morphological characteristics, especially when dealing with juveniles (e.g., Thalassomonhystera/Monhystrella, and Microlaimus/Aponema), so these were pooled in so-called genus groups""",,community composition/species assemblages,,Frontiers in Marine Science,article,,,,Y,,,,,,
197,Pape_etal_2021,"Pape, E., Bezerra, T.N., Gheerardyn, H., Buydens, M., Kieswetter, A. and Vanreusel, A., 2021. Potential impacts of polymetallic nodule removal on deep-sea meiofauna. Scientific reports, 11(1), pp.1-15.",yes,2021,meiofauna,,no,yes,,,,,,get data,,,,,,,,,,,,,,,,,,,,,,,,,,,,,,,,,,,,,,
42,Park_etal_2004,"Park, H.S., Chi, S.B., Paik, S.K. and Kim, W.S., 2004. Responses of benthic animals in spatial distribution to the sedimentary environments on the deep-sea floor, the Clarion-Clipperton fracture zone, Northeastern Pacific Ocean. Ocean and Polar Research, 26(2), pp.311-321.",yes,2004,meiofauna; macrofauna,morphology only (specimens),no,yes,,,8,8 stations,box core,,,,,,,contract area not given- some sites in Korea claim but longitude from north korea claim to APEI8 (only APEI8 sampling identified so far,,,,,,,,,,13,3,16,2932,0,168,138,,,,,,,,,YES,,,,,,,
151,Pasotti_etal_2020,"Pasotti; Francesca, P., Mevenkamp, L., Pape, E., B?a?ewicz, M., Bonifácio, P., Riehl, T., De Smet, B., Lefaible, N., Lins, L. and Vanreusel, A., 2021. A local scale analysis of manganese nodules influence on the Clarion-Clipperton Fracture Zone macrobenthos. Deep Sea Research Part I: Oceanographic Research Papers, 168, p.103449.",yes,2020,macrofauna,morphology only (specimens),no,yes,,,,,multicorer; box core,get data,,,,,2017,,89,,,subselected in 2 taxa,GSRNOD17,,,,,26,63,89,3021,0,168,138,,,community composition/species assemblages,,Deep Sea Research Part I: Oceanographic Research Papers,article,,,,Y- in supmat,,,,,,
152,Patel_etal_2020,"Patel, T., Robert, H., D'Udekem D'Acoz, C., Martens, K., Mesel, I.D., Degraer, S. and Schön, I., 2020. Biogeography and community structure of abyssal scavenging Amphipoda (Crustacea) in the Pacific Ocean. Biogeosciences, 17(10), pp.2731-2744.",yes,2020,macrofauna,morphology only (specimens),no,yes,,,13,13,baited trap,,,,,,2015,,17,6916,,,SO239; SO242-1; SO242-2,,,,,10,,10,3031,0,168,138,,,genetic studies,,Biogeosciences,article,,,,Y,,,,,,
81,Paterson_etal_2016,"Paterson, G.L., Neal, L., Altamira, I., Soto, E.H., Smith, C.R., Menot, L., Billett, D.S., Cunha, M.R., Marchais-Laguionie, C. and Glover, A.G., 2016. New Prionospio and Aurospio species from the deep sea (Annelida: Polychaeta). Zootaxa, 4092(1), pp.1-32.",yes,2016,macrofauna,morphology only (specimens),yes,n,,y,,,,,,,,,,,,,,,,,,,,,,,,,,,,,,,,,,,,,,,,,,
8,Pawson&Foell_1985,"Pawson, D.L. and Foell, E.J., 1985. An annotated atlas of abyssal echinoderms from the Clipperton-Clarion Fracture Zone, equatorial eastern north Pacific. In Echinodermata (pp. 168-168). CRC Press.",yes,1985,megafauna,morphology only (specimens and imagery),no,n,,,na,,photographic survey; free-fall grab survey,no,,,no spp by sites,,,annotations on list after publication. Some overlap w 1988 report,1,,,given caveat on ids- list all as incertae sedis,,,,,,,,,,,,,,,,,,,,,,,,,,,,
11,Pawson&Foell_1986,"Pawson D, Foell E (1986) Peniagone leander new species, an abyssal benthopelagic sea cucumber (Echinodermata: Holothuroidea) from the eastern central Pacific Ocean. Bulletin of Marine Science 38: 293–299.",yes,1986,megafauna,morphology only (imagery),no,yes,,y,na,,NA,,,,,,NA,email- type?,,,,,NA,,,,,,,,,,,,out of reporting period,benthi-pelagic,species description,,,,,,,,,,,,,
7,Pawson_1983,"Pawson, D.L., 1983. Psychronaetes hanseni, a new genus and species of elasipodan sea cucumber from the eastern central Pacific (Echinodermata: Holothuroidea). PROCEEDINGS OF THE BIOLOGICAL SOCIETY OF WASHINGTON; ISSN 0006-324X; USA; DA. 1983; VOL. 96; NO 1; PP. 154-159; BIBL. 2 REF",yes,1983,megafauna,morphology only (specimens),no,n,,y,na,,,,,,,,,,,,,,,,,,,,,,,,,,,,,,,,,,,,,,,,,
15,Pawson_1988,"Pawson, D. L., Abyssal plain megafauna in the Clarion Clipperton Fracture Zone, Eastern Central Pacific Ocean: Photographic survey of a manganese nodule field",yes,1988,megafauna,morphology only (specimens and imagery),no,n,,,na,,,,,,,yes- check if duplicate,,,,,,,,,,,,,,,,,,,,,,,,,,,,,,,,,,
82,Petrov_etal_2016,"Petrov, N.B., Vladychenskaya, I.P., Dil’man, A.B. and Mironov, A.N., 2016. Taxonomic position of the family Porcellanasteridae within the class Asteroidea. Biology Bulletin, 43(6), pp.483-490.",yes,2016,megafauna,morphology and molecular data,yes,n,,,na,,,no,,,,,,,,,,,,,,,,2,,2,3033,0,168,138,"secondary reference- main ref unpublished- Petrov,N.B., Vladychenskaya,I.P., Dilman,A.B. and Mironov,A.N. TITLE     Molecular phylogeny of the porcellanasterid seastars(Asteroidea, Porcellanasteridae) JOURNAL   Unpublished",,genetics studies,,Biology Bulletin,article,,sourced via GBIF Genbank records,YES,,contract area not given- map to find,,,,,
58,Poltarukha&Melnick_2012,"Poltarukha, O.P. and Melnik, V.F., 2012. New records of deep-sea barnacles (Cirripedia: Thoracica: Scalpelliformes) from the Clarion-Clipperton region, Pacific Ocean. Zootaxa, 3297(1), pp.34-40.",yes,2012,macrofauna,morphology only (specimens),no,n,2ndary,,na,,,y,,,,,,,,,,,,,,,,3,,3,3036,0,168,138,,,,,,,,,,,,,,,,
185,Quintanilla_etal_2022,"Quintanilla Alcaide, E., Rodrigues, C.F., Henriques, I. and Hilário, A., Microbial associations of abyssal gorgonians and anemones (> 4000 meters depth) at the Clarion-Clipperton Fracture Zone. Frontiers in Microbiology, p.743.",yes,2022,megafauna,morphology and molecular data,yes,yes,,,,,,no,,,,,,,,,,,,,,,,,,,,,,,,,,,,,,,,,,,,,,
33,Radziejewska&Stoyanova_2000,"Radziejewska,T. Stoyanova,  S. 2000. Abyssal epibenthic megafauna of the Clarion-Clipperton area (NE Pacific): changes in time and space versus anthropogenic environmental disturbance. Oceanological Studies, 29(2), p.83.",yes,2000,megafauna,morphology only (ROV imagery),no,n,,,,10 stations?,,no,,,,,,,,,,,,,,,,5,,5,3041,0,168,138,done ILL,,,,,,,,,,,,,,,
35,Radziejewska_etal_2001,"Radziejewska, T., Drzycimski, I., Galtsova, V.V., Kulangieva, L.V. and Stoyanova, V., 2001. Changes in Genus-level Diversity of Meiobenthic Free-living Nematodes (Nematoda) and Harpacticoids (Copepoda Harpacticoida) at an Abyssal Site following Experimental Sediment Disturbance. In Proceedings of the ISOPE Ocean Mining Symposium (pp. 38-43).",yes,2001,meiofauna,morphology only (imagery),no,n,,,,,,no,,,,,,,,,,,,,,,,12,,12,3053,0,168,138,,,,,,,,,,,,,,,,
17,Renaud-Mornant&Gourbault_1990,"Renaud-Mornant, J. and Gourbault, N., 1990. Evaluation of abyssal meiobenthos in the eastern central Pacific (Clarion-Clipperton fracture zone). Progress in Oceanography, 24(1-4), pp.317-329.",yes,1990,meiofauna,morphology only (specimens),no,n,,,,,box core,no,,,,,NA,,,,,,NA,IFREMER,,,,,,,,,,,out of reporting period,,community composition/species assemblages,,,,,,,,,,,,,
1,Ridley&Dendy_1887,"Ridley, S.O.; Dendy, A. (1887). Report on the Monaxonida collected by H.M.S. 'Challenger' during the years 1873-76. Report on the Scientific Results of the Voyage of H.M.S. Challenger during the years 1873–76. Zoology. 20 (part 59): i-lxviii, 1-275, pl. 1-51, 1 map., available online at http://www.19thcenturyscience.org/HMSC/HMSC-Reports/Zool-59/README.htm",yes,1887,megafauna,morphology only (specimens),no,yes,,y,,,,no,,,,,,,,,,,,,,,,,,,,,,,,,,,,,,,,,,,,,,
153,Riehl&DeSmet_2020,"Riehl, T. and De Smet, B., 2020. Macrostylis metallicola spec. nov.—an isopod with geographically clustered genetic variability from a polymetallic-nodule area in the Clarion-Clipperton Fracture Zone. PeerJ, 8, p.e8621. https://doi.org/10.7717/peerj.8621",yes,2020,macrofauna,morphology and molecular data,yes,yes,,y,,19 station,box core; EBS,y,,,,,2015,,,,,,GSRNOD15A,,,,1,,,1,3054,1,169,139,,,taxonomy/species description,,PeerJ,article,,,YES,,,,,,,
65,Riehl_etal_2014,"Riehl, T., Wilson, G.D. and Malyutina, M.V., 2014. Urstylidae—a new family of abyssal isopods (Crustacea: Asellota) and its phylogenetic implications. Zoological Journal of the Linnean Society, 170(2), pp.245-296.",yes,2014,macrofauna,morphology and molecular data,not avail,yes,,y,,,,y,,,,,,was sequencing done? Sequences published?,,,,,,,1,1,1,,,3,3057,3,172,140,,,taxonomy/species description,,Zoological Journal of the Linnean Society,,,,YES,,,,,,,
29,Roux&Pawson_1999,"Roux, M. and Pawson, D.L., 1999. Two new Pacific Ocean species of hyocrinid crinoids (Echinodermata), with comments on presumed giant-dwarf gradients related to seamounts and abyssal plains.",yes,1999,macrofauna,morphology only (specimens),no,n,2ndary,y,,,,y,,,,,,,,,,,,,,,,,,,,,,,http://www.19thcenturyscience.org/HMSC/HMSC-Reports/Zool-59/htm/doc092.html; http://www.19thcenturyscience.org/HMSC/HMSC-Reports/Zool-59/htm/doc093.html,,,,,,,,,,,,,,,
128,Sanchez_etal_2019,"Sánchez, N., Pardos, F. and Arbizu, P.M., 2019. Deep-sea Kinorhyncha diversity of the polymetallic nodule fields at the Clarion-Clipperton Fracture Zone (CCZ). Zoologischer Anzeiger, 282, pp.88-105. https://doi.org/10.1016/j.jcz.2019.05.007",yes,2019,meiofauna,morphology only (specimens),no,n,,y,272,272 cores,multicorer,y,,,,,2010; 2014; 2015; 2016,,18,723,,18 species,Mangan 2010; 2014; 2016; FLUM 2015; JPIO CCZ,,,,3,4,4,11,3068,3,175,143,,,taxonomy/species description,,Zoologischer Anzeiger,article,,,,y,,,,,,
154,Shimada_etal_2020,"Shimada, D., Takeda, N., Tsune, A. and Murakami, C., 2020. Three new species of free-living marine nematodes (Nematoda: Enoplida) from the Clarion-Clipperton Fracture Zone (CCFZ), North Pacific. Zootaxa, 4859(4), pp.zootaxa-4859.",yes,2020,meiofauna,morphology only (specimens),no,n,,y,na,,spade core; mulitcorer,y,,,,,2011; 2015; 2016,,,,,,Hakurei-maru No. 2 (2011); Kilo Moana (2015); Ka’imikai-O-Kanaloa (2016),,,,3,,,3,3071,3,178,146,"orig published 2009? Shimada, D., Kajihara, H. and Mawatari, S.F., 2009. Three new species of free-living marine nematodes (Nematoda: Enoplida) from northern Japan. Species Diversity, 14(2), pp.137-150.",benthic fauna/epifauna,taxonomy/species description,,Zootaxa,article,,,,,,,,,,
181,Shimada_etal_2021,"Shimada D, Takeda N, Tsune A, Murakami C. (2021). Two new species of Trophomera Rubtzov & Platonova, 1974 (Nematoda: Plectida: Benthimermithidae) from the Clarion-Clipperton Fracture Zone, North Pacific. Cahiers de Biologie Marine. 62: 157-167., available online at https://doi.org/10.21411/CBM.A.D150CC09 [details] ",yes,2021,meiofauna,morphology only (specimens),no,n,,y,na,10 stations,,y,,,types were only specimens examined,,,,,,,,,,,,2,,,2,3073,2,180,148,,,,,,,,,YES,,,,,,,
24,Shirayama&Fukushima_1997,"Shirayama Y, Fukushima T (1997). Responses of meiobenthos community to the rapid re-sedimentation. In: Proceedings of the international symposium on environmental impact of deep sea mining, MMAJ, Tokyo, Japan, pp 187–196",yes,1997,meiofauna,,no,n,,,na,,,no,,,,,,,,,,,,,,,,,,,,,,,,,,,,,,,,,,,,,,
129,Simon-Lledó_etal_2019a,"Simon-Lledó, E., Bett, B.J., Huvenne, V.A., Schoening, T., Benoist, N.M., Jeffreys, R.M., Durden, J.M. and Jones, D.O., 2019. Megafaunal variation in the abyssal landscape of the Clarion Clipperton Zone. Progress in oceanography, 170, pp.119-133. https://doi.org/10.1016/j.pocean.2018.11.003",yes,2019,megafauna,morphology only (imagery),no,yes,,,,,multibeam for seafloor imagery; megacore (no specimens ho?),no,,,"mega morphotype, ROV dives- tricky site records, ",,2015,,123,7116,,123 morphotypes,RRS James Cook cruise 120,,,,,14,3,17,3090,0,180,148,,,community composition/species assemblages,,Progress in Oceanography,article,,,,,,,,,,
130,Simon-Lledó_etal_2019b,"Simon?Lledó, E., Bett, B.J., Huvenne, V.A., Schoening, T., Benoist, N.M. and Jones, D.O., 2019. Ecology of a polymetallic nodule occurrence gradient: Implications for deep?sea mining. Limnology and Oceanography, 64(5), pp.1883-1894. https://doi.org/10.1002/lno.11157",yes,2019,megafauna,morphology only (imagery),no,yes,,,,,NA,no,,,"mega morphotype, ROV dives- tricky site records, ",,NA,,,,,,NA,,,,,10,6,16,3106,0,180,148,,,community composition/species assemblages,,Limnology and Oceanograph,article,,,,,,,,,,
155,Simon-Lledó_etal_2020,"Simon-Lledó, E., Pomee, C., Ahokava, A., Drazen, J.C., Leitner, A.B., Flynn, A., Parianos, J. and Jones, D.O., 2020. Multi-scale variations in invertebrate and fish megafauna in the mid-eastern Clarion Clipperton Zone. Progress in Oceanography, 187, p.102405. https://doi.org/10.1016/j.pocean.2020.102405",yes,2020,megafauna,morphology only (imagery),no,yes,,,na,,boxcore; towed camera,no,,,"mega morphotype, ROV dives- tricky site records, ",,2013; 2015,,,,,,RV Mt Mitchell 2013; RV Yuzhmorgeologiya (2015) NM,,,,,9,9,18,3124,0,180,148,,,community composition/species assemblages,,Progress in Oceanography,article,,,,,,,,,,
83,Singh_etal_2016,"Singh, R., Miljutin, D.M., Vanreusel, A., Radziejewska, T., Miljutina, M.M., Tchesunov, A., Bussau, C., Galtsova, V. and Martinez Arbizu, P., 2016. Nematode communities inhabiting the soft deep-sea sediment in polymetallic nodule fields: do they differ from those in the nodule-free abyssal areas?. Marine Biology Research, 12(4), pp.345-359.",yes,2016,meiofauna,morphology only (specimens),no,n,2ndary,,,,,no,,,no species- poss add anyway,,,most duplicates from existing studies,,,,,,,,,,561,,561,3685,0,180,148,"most of data in paper already been used in published studies (Bussau 1993; Radziejewska et al. 2001a; Miljutina et al. 2010; Miljutin et al. 2011; Singh et al. 2014), while data from the BIONOD cruise (2012) have not been published",,,,,,,,,,,,,,,
48,Smith_etal_2008,"Smith, C.R., Paterson, G., Lambshead, J., Glover, A., Rogers, A., Gooday, A., Kitazato, H., Sibuet, M., Galeron, J. and Menot, L., 2008. Biodiversity, species ranges, and gene flow in the abyssal Pacific nodule province: predicting and managing the impacts of deep seabed mining. ISA report",yes,2008,macrofauna,morphology and molecular data,yes,yes,,,na,,,y,,,,,,,50,,,,,,,,,70,,70,3755,0,180,148,,,,,,report,,,,,,,,,,
186,Stepien_etal_2022,"Stepien´ A, Józ´wiak P, Jakiel A, Pe?czyn´ ska A and B?az?ewicz M (2022) Diversity of Pacific Agathotanais (Peracarida: Tanaidacea). Front. Mar. Sci. 8:741536. doi: 10.3389/fmars.2021.741536",yes,2022,macrofauna,morphology and molecular data,yes,yes,,y,11,11 EBS deployments,,y,,,,,,,,21,,,,,,,,,,,,,,,,,,,,,,,,,,,,,,
156,Stratman_etal_2020,"Stratmann, T., Soetaert, K., Kersken, D. and van Oevelen, D., 2021. Polymetallic nodules are essential for food-web integrity of a prospective deep-seabed mining area in Pacific abyssal plains. Scientific reports, 11(1), pp.1-11.",yes,2020,aff,,no,yes,,,,,,NA,,,,while secondary data- in some cases don't have raw data eg Tilot 1992,,cross ref lists minus Peru basin records with my checklist,,,,,,,,,,,,,,,,,,,,,,,,,,,,,,,,
107,Taboada_etal_2018a,"Taboada, S., Riesgo, A., Wiklund, H., Paterson, G.L., Koutsouveli, V., Santodomingo, N., Dale, A.C., Smith, C.R., Jones, D.O., Dahlgren, T.G. and Glover, A.G., 2018. Implications of population connectivity studies for the design of marine protected areas in the deep sea: An example of a demosponge from the Clarion?Clipperton Zone. Molecular ecology, 27(23), pp.4657-4679.",yes,2018,macrofauna,morphology and molecular data,yes,yes,,,,56 stations,"box core; also multicore, Brenke epibenthic sledge, Agassiz trawl and ROV",y,,,abundance counts for all samplings I think (180 tot),,2013; 2015,,1,180,,,ABYSSLINE AB01; AB02; MIDAS-JC120,,,,,1,,1,3756,0,180,148,,,,,Molecular Ecology,article,,,,,,,,,,
108,Taboada_etal_2018b,"Taboada, S., Kenny, N.J., Riesgo, A., Wiklund, H., Paterson, G.L., Dahlgren, T.G. and Glover, A.G., 2018. Mitochondrial genome and polymorphic microsatellite markers from the abyssal sponge Plenaster craigi Lim & Wiklund, 2017: tools for understanding the impact of deep-sea mining. Marine Biodiversity, 48(1), pp.621-630.",yes,2018,macrofauna,morphology and molecular data,yes,yes,,,,,"box core; also multicore, Brenke epibenthic sledge, Agassiz trawl and ROV",no,,,duplic with 2018a,,2013; 2015,,1,,,,ABYSSLINE AB01; AB02; MIDAS-JC120,,,,,1,,1,3757,0,180,148,,,,,Marine Biodiversity,article,,,,,,,,,,
18,Tilot_1992,Tilot V (1992) La structure des assemblages mégabenthiques d’une province à nodules polymétalliques de l’océan Pacifique tropical est. PhD-Thesis. Université de Bretagne Occidentale.,yes,1992,megafauna,morphology only (imagery),no,n,,,,,,no,,,no abundance,,,get copy,,,,,,,,,,,,,,,,,,,,,,,,,,,,,,,,
109,Tilot_etal_2018,"Tilot, V., Ormond, R., Moreno Navas, J. and Catalá, T.S., 2018. The benthic megafaunal assemblages of the CCZ (Eastern Pacific) and an approach to their management in the face of threatened anthropogenic impacts. Frontiers in Marine Science, 5, p.7.",yes,2018,megafauna,morphology only (imagery),no,yes,,,,,,no,,,no- species level but from imagery only,,,email for list species by region. SPECIES BREAKDOWN BY SITE,,,,,,,,,,62,,62,3819,0,180,148,,,,,,,,,,,,,,,,
26,Trueblood&Ozturgut_1997,"Trueblood, D.D. and Ozturgut, E., 1997, May. The benthic impact experiment: A study of the ecological impacts of deep seabed mining on abyssal benthic communities. In The Seventh International Offshore and Polar Engineering Conference. OnePetro.",yes,1997,macrofauna,,no,n,,,,,,no,,,,,,,,,,,,,,,,,,,,,,,,,,,,,,,,,,,,,,
157,Uhlenkott_etal_2020,"Uhlenkott, K., Vink, A., Kuhn, T., Gillard, B. and Martínez Arbizu, P., 2021. Meiofauna in a Potential Deep-Sea Mining Area—Influence of Temporal and Spatial Variability on Small-Scale Abundance Models. Diversity, 13(1), p.3.",yes,2020,meiofauna,morphology only (specimens),no,yes,,,,,NA,no,,,,,NA,,,,,,NA,,,,,9,,9,3828,0,180,148,only id'd to high taxon level,,community composition/species assemblages,,Diversity,article,,,,,,,,,,
192,Uhlenkott_etal_2022,"Uhlenkott, K., Simon-Lledó, E., Vink, A. and Martínez Arbizu, P., 2022. Investigating the benthic megafauna in the eastern Clarion Clipperton Fracture Zone (north-east Pacific) based on distribution models predicted with random forest. Scientific reports, 12(1), pp.1-11.",yes,2022,megafauna,,no,yes,,,,,,poss,68,,,,,abundance info,,,"62,000km2",,,,,,,,,,,,,,numerous morphotypes,,,,,,,,,,,,,,,
84,Vanreusel_etal_2016,"Vanreusel, A., Hilario, A., Ribeiro, P.A., Menot, L. and Arbizu, P.M., 2016. Threatened by mining, polymetallic nodules are required to preserve abyssal epifauna. Scientific reports, 6(1), pp.1-6.",yes,2016,megafauna,,no,yes,,,,,,NA,,,,no- no taxonomic info,,check if data,,,,,,,,,,,,,,,,,,,,,,,,,,,,,,,,
99,Vecchione_2017,"Vecchione, M., 2017. Notes on cephalopods photographed near the bottom in the Clipperton-Clarion Fracture Zone. Marine Biodiversity, 47(2), pp.307-310.",yes,2017,megafauna,morphology only (ROV video),no,yes,,,,,ROV imagery,no,,,,,2004,,,,,,NODINAUT,,,,,1,,1,3829,0,180,148,,,community composition/species assemblages/distributional records,,Marine Biodiversity,article,,,,,,,,,,
46,Veillette_etal_2007,"Veillette, J., Sarrazin, J., Gooday, A.J., Galéron, J., Caprais, J.C., Vangriesheim, A., Étoubleau, J., Christian, J.R. and Juniper, S.K., 2007. Ferromanganese nodule fauna in the Tropical North Pacific Ocean: Species richness, faunal cover and spatial distribution. Deep Sea Research Part I: Oceanographic Research Papers, 54(11), pp.1912-1935.",yes,2007,macrofauna,morphology only (specimens),no,yes,,,,,NA,no,,,"mega morphotype, ROV dives- tricky site records, ",,NA,check- add records,42,,,42 spp,NA,,,,,10,7,17,3846,0,180,148,,nodule fauna,community composition/species assemblages,,,,,,,,,,,,,
61,Wang_etal_2013,"Wang, X.G., Zhou, Y.D., Zhang, D.S., Hong, L.S. and Wang, C.S., 2013. A study of meiofauna in the COMRA’s contracted area during the summer of 2005. Acta Ecol. Sin, 33, pp.492-500.",yes,2013,meiofauna,morphology only (specimens),no,n,,,,,multi core,no,,,,,,,,,,,,,,,,12,,12,3858,0,180,148,in chinese,,,,,,,,,y,,,,,,
110,Wang_etal_2018,"Wang, C., Zhang, Y., Lu, B. and Wang, D., 2018. New Hexactinellid Sponge Chaunoplectella megapora sp. nov.(Lyssacinosida: Leucopsacidae) from Clarion-Clipperton Fracture Zone, Eastern Pacific Ocean. Zootaxa, 4375(1), pp.136-142.",yes,2018,megafauna,morphology only (specimens),no,n,,y,1,1 station,ROV,y,,,,,2013,,,,,,Jiaolong HOV,,,,1,,,1,3859,1,181,149,,,taxonomy/species description,,Zootaxa,article,,,YES,,,,,,,
182,Washburn_etal_2021,"Washburn, T.W., Menot, L., Bonifácio, P., Pape, E., B?a?ewicz, M., Bribiesca-Contreras, G., Dahlgren, T.G., Fukushima, T., Glover, A.G., Ju, S.J. and Kaiser, S., 2021. Patterns of macrofaunal biodiversity across the Clarion-Clipperton Zone: an area targeted for seabed mining. Frontiers in Marine Science, 8, p.250.",yes,2021,macrofauna,morphology and molecular data,existing data,yes,,,,,box core,get data,,,separate datasets- mostly compiled,,combination,,,,,,"combination- ABYSSLINE AB01; AB02; JGOFS; JPIO; plus GSR; KODOS; YUZ, Wilson et al., 2017",,,,,122,1,123,3982,0,181,149,secondary data,,community composition/species assemblages,yes,Frontiers in Marine Science,article,,,,,,,,,,
198,Weston&Jaimeson_2022,"Weston, J.N. and Jamieson, A.J., 2022. The Multi-Ocean Distribution of the Hadal Amphipod, Hirondellea dubia (Crustacea, Amphipoda). Frontiers in Marine Science, 9, p.824640.",yes,2022,,,existing data,yes,,,,,,no,,,,like Brix 2021- using existing CCZ data,,,,,,,,,,,,,,,,,,,,,,,,,,,,,,,,,,
66,Wi_etal_2014,"Wi, J.H., Suh, H.L. and Yu, O.H., 2014. Two new species of the deep-sea genus Neotanais Beddard, 1886 (Tanaidacea: Neotanaididae) from the Eastern Central Pacific. Journal of Crustacean Biology, pp.875-885.",yes,2014,macrofauna,morphology only (specimens),no,n,,y,na,2 stations,box core,no,,,,,2014,,,,,,KODOS,,,,2,,,2,3984,2,183,151,,,taxonomy/species description,,Journal of Crustacean Biology,article,,,YES,,,,,,,
71,Wi_etal_2015a,"Wi, J.H., Suh, H.L. and Kim, D., 2015. Three New Species of the Deep-Sea Genus Collettea (Tanaidacea; Colletteidae) in the Eastern Central Pacific. Journal of Crustacean Biology, 35(5), pp.714-727.",yes,2015,macrofauna,morphology only (specimens),no,yes,,y,na,3 stations,box core,no,,,,,2014,,,,,,KODOS,,,,3,,,3,3987,3,186,154,not in Paulos report,benthic fauna/epifauna,taxonomy/species description,,Journal of Crustacean Biology,article,,,,,,,,,,
72,Wi_etal_2015b,"Wi, J.H., Suh, H.L. and Yu, O.H., 2015. Description of two new species of Neotanais Beddard, 1886 (Crustacea, Tanaidacea) from KODOS area. Zootaxa, 3926(2), pp.244-256.",yes,2015,macrofauna,morphology only (specimens),no,yes,,y,na,2 stations,box core,no,,,only paratpyes,,2015,where are tables ref'd in paper??,,,,,R/V Onnuri,,,,2,,,2,3989,2,188,156,not in Paulos report,benthic fauna/epifauna,taxonomy/species description,,Zootaxa,article,,,YES,,,,,,,
100,Wiklund_etal_2017,"Wiklund, H., Taylor, J.D., Dahlgren, T.G., Todt, C., Ikebe, C., Rabone, M. and Glover, A.G., 2017. Abyssal fauna of the UK-1 polymetallic nodule exploration area, Clarion-Clipperton Zone, central Pacific Ocean: Mollusca. ZooKeys, (707), p.1-46. https://doi.org/10.3897/zookeys.707.13042",yes,2017,macrofauna,morphology and molecular data,yes,yes,,y,add,,box core; multicorer; EBS; ROV,y,,,,,2013,,21,,,,ABYSSLINE AB01,,,,1,6,10,17,4006,1,189,157,,,taxonomy/species description/ distributional records,,Zookeys,article,,,,Y,use ABYSSLINE sites,,,,,
134,Wiklund_etal_2019,"Wiklund, H., Neal, L., Glover, A.G., Drennan, R., Rabone, M. and Dahlgren, T.G., 2019. Abyssal fauna of polymetallic nodule exploration areas, eastern Clarion-Clipperton Zone, central Pacific Ocean: Annelida: Capitellidae, Opheliidae, Scalibregmatidae, and Travisiidae. ZooKeys, 883, p 1–82. https://doi.org/10.3897/zookeys.883.36193",yes,2019,macrofauna,morphology and molecular data,yes,yes,,y,add,,box core; multicorer; EBS; ROV,y,,,,,2013; 2015,,23,85,,12 new spp,ABYSSLINE AB01; AB02,,,,12,,11,23,4029,12,201,169,,,taxonomy/species description/ distributional records,,Zookeys,article,,,,Y,use ABYSSLINE sites,,,,,
101,Wilson_2017,"Wilson, G.D., 2017. Macrofauna abundance, species diversity and turnover at three sites in the Clipperton-Clarion Fracture Zone. Marine Biodiversity, 47(2), pp.323-347.",yes,2017,macrofauna,morphology only (specimens),no,n,,,87,87 box cores (note- only 41 of 52 macrofauna samples were completely sorted),box core,y,,,note- only 41 of 52 macrofauna samples were completely sorted,poss duplic earlier reports?,NA,poss duplication with earlier studies?4,397,,,,NA,,,,,41,,41,4070,0,201,169,only id'd to high taxon level,,community composition/species assemblages,,Marine Biodiversity,article,,,,,,,,,,
111,Yu_etal_2018,"Yu, O.H., Lee, H.G., Kim, D., Wi, J.H., Kim, K.H. and Yoo, C.M., 2018. Characterization of deep-sea macrofauna in the Korean exploration claim area in the Clarion-Clipperton Fracture Zone, northeastern Pacific Ocean. Ocean Science Journal, 53(2), pp.301-314.",yes,2018,macrofauna,morphology only (specimens),no,n,,,36,,box corer,y,,,added,,2012-2014,,183,,,"183 spp in paper, 165 in table",RV Onnuri 2012-2014,,,,,72,89,161,4231,0,201,169,ref'd in Chim&Tong_2020. NB Chim and Tong list as data record for Stenotanais arenasi sp. nov.- described in larsen,,community composition/species assemblages,,Ocean Science Journal,article,,,,Y,,,,,,
203,Tong_etal_2022,"Tong et al., 2022; Community structure of deep-sea benthic metazoan meiofauna in the polymetallic nodule fields in the eastern Clarion-Clipperton Fracture Zone, Pacific Ocean",yes,2022,meiofauna,,,,,,,,,,,,,,,,,,,,,,,,,,,,,,,,,,,,,,,,,,,,,,,
188,Neal_etal_in_2022b,"Abyssal fauna of polymetallic nodule exploration areas, eastern Clarion-Clipperton Zone, central Pacific Ocean: Amphinomida",poss,2022,macrofauna,,yes,yes,,y,,,,y,,,add,july 2022- not yet published,,,,,,,,,,,,,,,,,,,,,,,,,,,,,,,,,,
