rec,dataset,size_cat,abund_only,pres-abs,TO_DO,incl_all_taxa,INCL,incl_note,paper,ref2/dataset,basisOfRecord,named_spp,taxonConceptID,scientificName,NAME,COUNT,abund,abund_qual,rec-single,rec-single_ED,spec_note,typeStatus,qual_level,qual,ABSENSE,taxonRank,taxonRank,tr_w_tcid,Phylum,Class,Order,Family,genus,species,AphiaID_accepted,Authority_accepted,VESSEL,cruise,CRUISE_ED,CONTRACT_AREA,CA_ED,sub-area,inc_site_analysis,STATION,STN_ED,DEPLOYMENT,sub-deploy,STN-DEPLOY,SITE_STRING_V1,site-coord+depth,fraction,habitat,nodule_pres,region,LAT-START,LONG-START
420,literature,megafauna,,,,y,,,Gebruk_etal_2020,,,yes,Psychropotes dyscrita,Psychropotes dyscrita,Psychropotes dyscrita,1,,,yes,,,holotype of redescription,,,,species,species,species,Echinodermata,Holothuroidea,Elasipodida,Psychropotidae,Psychropotes,dyscrita,1474474,"(Clark, 1920)",,R/V Kilo Moana,R/V Kilo Moana,,,,,Sta. 1808-43,Sta. 1808-43,,,STN,R/V Kilo Moana__Sta. 1808-43,site 7.035997871_-149.9394673_5040,,,,WEST,7.03600,-149.93947
1,literature,macrofauna,,,,y,,,Arauijo-Silva_etal_2015,,,yes,Venusticrus thor,Venusticrus thor,Venusticrus thor,1,,,no,,,holotype,,,,species,species,species,Arthropoda,Malacostraca,Tanaidacea,Neotanaidae,Venusticrus,thor,853223,"Araújo-Silva & Larsen, 2015",,BioNod 2012,BioNod 2012,BGR?,BGR,,check,EBS-Supra Sta. 12-51,EBS-Supra Sta. 12-51,,,STN,BioNod 2012_BGR_EBS-Supra Sta. 12-51,site 12.3073333333333_-118.138333333333_4274,,,,EAST,12.30733,-118.13833
5,literature,meiofauna,,,,y,,,Bai_etal_2020,,,yes,Moebjergarctus clarionclippertonensis,Moebjergarctus clarionclippertonensis,Moebjergarctus clarionclippertonensis,1,,,no,,,holotype,,,,species,species,species,Tardigrada,,Arthrotardigrada,Halechiniscidae,Moebjergarctus,clarionclippertonensis,1549502,"Bai, Wang, Zhou, Lin, Meng, Fontoura, 2020",,DY45-II,DY45-II,,IFR1,,,KW1-S38,KW1-S38,,,STN,DY45-II_KW1-S38,site 10.34_-154.61_5135,,,,WEST,10.34000,-154.61000
18,literature,meiofauna,,,,y,,,Bezerra_etal_2021,,,yes,Erebussau profundus,Erebussau profundus,Erebussau profundus,1,,,no,,,holotype,,,,,species,species,Nematoda,Chromadorea,Desmoscolecida,Meyliidae,Erebussau,profundus,1475756,"Bezerra, Pape, Hauquier & Vanreusel, 2021",,SO239,JPIO/SO239,GSR,GSR,,no deployment,141,Sta. 141,,,STN,JPIO/SO239_GSR_Sta. 141,site 13.8671666666667_-123.2555_4507,,,,EAST,13.86717,-123.2555
21,literature,meiofauna,,,email for deployment,y,,,Bezerra_etal_2021,,,yes,Odetenema gesarae,Odetenema gesarae,Odetenema gesarae,1,,,no,,,holotype,,,,,species,species,Nematoda,Chromadorea,Desmoscolecida,Desmoscolecidae,Odetenema,gesarae,1475740,"Bezerra, Pape, Hauquier & Vanreusel, 2021",,SO239,JPIO/SO239,GSR,GSR,,no- no deployment info,B4S03,B4S03,,,STN,JPIO/SO239_GSR_B4S03,site 14.1023333333333_-125.8735_4470,,,,EAST,14.10233,-125.8735
36,literature,macrofauna,,,,y,,,Bitner_etal_2013,,,yes,Oceanithyris juveniformis,Oceanithyris juveniformis,Oceanithyris juveniformis,1,,,no,,,holotype,,,,,species,species,Brachiopoda,Rhynchonellata,Terebratulida,Dyscolioidea incertae sedis,Oceanithyris,juveniformis,719173,"Bitner & Zezina, 2013",,,,YUZ2,YUZ2,,,#41,Sta. 41,,,STN,YUZ2_Sta. 41,site 13.27_-134.45_4790,,,,CENTRAL,13.27000,-134.45
28,literature,macrofauna,,,,y,,,Bitner_etal_2013,,,yes,Simpliciforma profunda,Simpliciforma profunda,Simpliciforma profunda,1,,,yes,,,holotype,,,,,species,species,Brachiopoda,Rhynchonellata,Terebratulida,,Simpliciforma,profunda,719175,"Bitner & Zezina, 2013",,,,YUZ2,YUZ2,,,#217,Sta. 217,,,STN,YUZ2_Sta. 217,site 13.91_-129.1_4680,,,,CENTRAL,13.91000,-129.1
37,literature,macrofauna,,,,y,,,Blake_2016,,,yes,Kirkegaardia fragilis,Kirkegaardia fragilis,Kirkegaardia fragilis,1,,,no,,,holotype,,,,,species,species,Annelida,Polychaeta,Terebellida,Cirratulidae,Kirkegaardia,fragilis,884750,"Blake, 2016",,NOAA,NOAA,NOAA BIE project site,NOAA BIE project site,,,Sta. DDT-07-94,Sta. DDT-07-94,,,STN,NOAA_NOAA BIE project site_Sta. DDT-07-94,site 12.91705_-128.59085_4879,,,,CENTRAL,12.91705,-128.59085
41,literature,macrofauna,,,,y,,,Blake_2017,,,yes,Leitoscoloplos simplex,Leitoscoloplos simplex,Leitoscoloplos simplex,1,,,yes,,,holotype,,,,species,species,species,Annelida,Polychaeta,,Orbiniidae,Leitoscoloplos,simplex,934188,"Blake, 2017",,,,NOAA BIE project site,NOAA BIE project site,,,Sta. DDT-08-93,Sta. DDT-08-93,,,STN,NOAA BIE project site_Sta. DDT-08-93,site 12.9272166666667_-128.600183333333_4843,,,,CENTRAL,12.92722,-128.60018
58,literature,macrofauna,,,,y,,,Blake_2019,,,yes,Aphelochaeta spargosis,Aphelochaeta spargosis,Aphelochaeta spargosis,1,,,no,,,holotype,,,,,species,species,Annelida,Polychaeta,Terebellida,Cirratulidae,Aphelochaeta,spargosis,1356044,"Blake, 2019",,R/V Melville,R/V Melville,"DOMES SITE C, ECHO 1","DOMES SITE C, ECHO 1",,CHECK,Sta. H351,Sta. H351,,,STN,"R/V Melville_DOMES SITE C, ECHO 1_Sta. H351",site 14.6272233333333_-125.439733333333_4516,,,,EAST,14.62722,-125.439733333333
106,literature,macrofauna,,,,y,,,Blake_2019,,,yes,Tharyx hessleri,Tharyx hessleri,Tharyx hessleri,1,,,yes,,,holotype,,,,,species,species,Annelida,Polychaeta,Terebellida,Cirratulidae,Tharyx,hessleri,1356060,"Blake, 2019",,R/V Melville,R/V Melville,"DOMES SITE C, ECHO 1",GSR,GSR B4,CHECK,Sta. H350,Sta. H350,,,STN,R/V Melville_GSR_Sta. H350,site 14.6353766666667_-125.447013333333_4506,,,,EAST,14.63538,-125.447013333333
70,literature,macrofauna,,,,y,,,Blake_2019,,,yes,Aphelochaeta wilsoni,Aphelochaeta wilsoni,Aphelochaeta wilsoni,1,,,no,,,holotype,,,,,species,species,Annelida,Polychaeta,Terebellida,Cirratulidae,Aphelochaeta,wilsoni,1356046,"Blake, 2019",,R/V Melville,R/V Melville,"DOMES SITE C, ECHO 1","DOMES SITE C, ECHO 1",,CHECK,Sta. H354,Sta. H354,,,STN,"R/V Melville_DOMES SITE C, ECHO 1_Sta. H354",site 14.6968183333333_-125.40367_4514,,,,EAST,14.69682,-125.40367
47,literature,macrofauna,,,,y,,,Blake_2019,,,yes,Aphelochaeta abyssalis,Aphelochaeta abyssalis,Aphelochaeta abyssalis,1,,,yes,,,holotype,,,,species,species,species,Annelida,Polychaeta,Terebellida,Cirratulidae,Aphelochaeta,abyssalis,1355698,"Blake, 2019",,R/V Melville,R/V Melville,"DOMES SITE C, ECHO 1","DOMES SITE C, ECHO 1",,CHECK,Sta. H358,Sta. H358,,,STN,"R/V Melville_DOMES SITE C, ECHO 1_Sta. H358",site 14.7032166666667_-125.40426_4516,,,,EAST,14.70322,-125.40426
50,literature,macrofauna,,,,y,,,Blake_2019,,,yes,Aphelochaeta clarionensis,Aphelochaeta clarionensis,Aphelochaeta clarionensis,1,,,yes,,,holotype,,,,species,species,species,Annelida,Polychaeta,Terebellida,Cirratulidae,Aphelochaeta,clarionensis,1356042,"Blake, 2019",,R/V Melville,R/V Melville,"DOMES SITE C, ECHO 1","DOMES SITE C, ECHO 1",,CHECK,Sta. H358,Sta. H358,,,STN,"R/V Melville_DOMES SITE C, ECHO 1_Sta. H358",site 14.7032166666667_-125.40426_4516,,,,EAST,14.70322,-125.40426
81,literature,macrofauna,,,,y,,,Blake_2019,,,yes,Caulleriella bathytata,Caulleriella bathytata,Caulleriella bathytata,1,,,yes,,,holotype,,,,,species,species,Annelida,Polychaeta,Terebellida,Cirratulidae,Caulleriella,bathytata,1356050,"Blake, 2019",,,,NOAA BIE project site,NOAA BIE project site,,,Sta. DDT-09-94,Sta. DDT-09-94,,,STN,NOAA BIE project site_Sta. DDT-09-94,site 12.9163333333333_-128.590666666667_4877,,,,CENTRAL,12.91633,-128.590666666667
103,literature,macrofauna,,,,y,,,Blake_2019,,,yes,Chaetozone truebloodi,Chaetozone truebloodi,Chaetozone truebloodi,1,,,yes,,,holotype,,,,,species,species,Annelida,Polychaeta,Terebellida,Cirratulidae,Chaetozone,truebloodi,1356059,"Blake, 2019",,,,NOAA BIE project site,NOAA BIE project site,,,Sta. DDT-08-94,Sta. DDT-08-94,,,STN,NOAA BIE project site_Sta. DDT-08-94,site 12.917_-128.59_4880,,,,CENTRAL,12.91700,-128.59000
88,literature,macrofauna,,,,y,,,Blake_2019,,,yes,Chaetozone akaina,Chaetozone akaina,Chaetozone akaina,1,,,yes,,,holotype,,,,,species,species,Annelida,Polychaeta,Terebellida,Cirratulidae,Chaetozone,akaina,1356051,"Blake, 2019",,,,"DOMES SITE C, ECHO 1","DOMES SITE C, ECHO 1",,CHECK,Sta. DDT-05-95,Sta. DDT-05-95,,,STN,"DOMES SITE C, ECHO 1_Sta. DDT-05-95",site 12.9299666666667_-128.59615_4879,,,,CENTRAL,12.92997,-128.59615
62,literature,macrofauna,,,,y,,,Blake_2019,,,yes,Aphelochaeta tanyperistomia,Aphelochaeta tanyperistomia,Aphelochaeta tanyperistomia,1,,,yes,,,holotype,,,,,species,species,Annelida,Polychaeta,Terebellida,Cirratulidae,Aphelochaeta,tanyperistomia,1356045,"Blake, 2019",,,,NOAA BIE project site,NOAA BIE project site,,,Sta. DDT-04-94,Sta. DDT-04-94,,,STN,NOAA BIE project site_Sta. DDT-04-94,site 12.9327833333333_-128.595966666667_4851,,,,CENTRAL,12.93278,-128.595966666667
52,literature,macrofauna,,,,y,,,Blake_2019,,,yes,Aphelochaeta clippertonensis,Aphelochaeta clippertonensis,Aphelochaeta clippertonensis,1,,,yes,,,holotype,,,,species,species,species,Annelida,Polychaeta,Terebellida,Cirratulidae,Aphelochaeta,clippertonensis,1355699,"Blake, 2019",,,,NOAA BIE project site,NOAA BIE project site,,,Sta. DDT-09-93,Sta. DDT-09-93,,,STN,NOAA BIE project site_Sta. DDT-09-93,site 12.938_-128.590666666667_4860,,,,CENTRAL,12.93800,-128.59067
94,literature,macrofauna,,,,y,,,Blake_2019,,,yes,Chaetozone grasslei,Chaetozone grasslei,Chaetozone grasslei,1,,,no,,,holotype,,,,,species,species,Annelida,Polychaeta,Terebellida,Cirratulidae,Chaetozone,grasslei,1356054,"Blake, 2019",,,,NOAA BIE project site,NOAA BIE project site,,,Sta. DDT-05-93,Sta. DDT-05-93,,,STN,NOAA BIE project site_Sta. DDT-05-93,site 12.9427666666667_-128.590133333333_4870,,,,CENTRAL,12.94277,-128.590133333333
42,literature,macrofauna,,,,y,,,Blake_2020,,,yes,Orbiniella abyssalis,Orbiniella abyssalis,Orbiniella abyssalis,1,,,yes,,,holotype,,,,species,species,species,Annelida,Polychaeta,,Orbiniidae,Orbiniella,abyssalis,1418181,"Blake, 2020",,,,NOAA BIE project site,NOAA BIE project site,,,Sta. DDT-05-93,Sta. DDT-05-93,,,STN,NOAA BIE project site_Sta. DDT-05-93,site 12.9427666666667_-128.590133333333_4870,,,,CENTRAL,12.94277,-128.59013
109,literature,macrofauna,,,,y,,,Blazewicz_etal_2019a,,,yes,Paranarthrurella polonez,Paranarthrurella polonez,Paranarthrurella polonez,1,,,no,,,holotype,,,,species,species,species,Arthropoda,Malacostraca,Tanaidacea,Paranarthrurellidae,Paranarthrurella,polonez,1387679,"B?a?ewicz & Jó?wiak, 2019",,SO239,JPIO/SO239,IOM,IOM,,,Station 95,Sta. 95,,,STN,JPIO/SO239_IOM_Sta. 95,site 11.0735_-119.655833333333_4418,,,,EAST,11.07350,-119.65583
117,literature,macrofauna,,,,y,,,Bonifacio&Menot_2019,,,yes,Abyssarya acus,Abyssarya acus,Abyssarya acus,1,,,no,,,holotype,,,,species,species,species,Annelida,Polychaeta,Phyllodocida,Polynoidae,Abyssarya,acus,1311123,"Bonifácio & Menot, 2018",,SO239,JPIO/SO239,APEI-3,APEI-3,,,Sta. 212,Sta. 212,SO239_212-1,,DEPLY,JPIO/SO239_APEI-3_Sta. 212,site 18.5472_-128.748_1853,,,,CENTRAL,18.54720,-128.74800
119,literature,macrofauna,,,,y,,,Bonifacio&Menot_2019,,,yes,Macellicephala clarionensis,Macellicephala clarionensis,Macellicephala clarionensis,1,,,no,,,holotype,,,,species,species,species,Annelida,Polychaeta,Phyllodocida,Polynoidae,Macellicephala,clarionensis,1311294,"Bonifácio & Menot, 2018",,SO239,JPIO/SO239,APEI-3,APEI-3,,,Sta. 212,Sta. 212,SO239_212-1,,DEPLY,JPIO/SO239_APEI-3_Sta. 212,site 18.5472_-128.748_1853,,,,CENTRAL,18.54720,-128.74800
126,literature,macrofauna,,,,y,,,Bonifacio&Menot_2019,,,yes,Bathyeliasona mariaae,Bathyeliasona mariaae,Bathyeliasona mariaae,1,,,yes,,,holotype,,,,species,species,species,Annelida,Polychaeta,Phyllodocida,Polynoidae,Bathyeliasona,mariaae,1311131,"Bonifácio & Menot, 2018",,SO239,JPIO/SO239,BGR,BGR,,,Sta. 50,Sta. 50,SO239_50-1,,DEPLY,JPIO/SO239_BGR_Sta. 50,site 11.8312_-117.4915_4327,,,,EAST,11.83120,-117.49150
130,literature,macrofauna,,,,y,,,Bonifacio&Menot_2019,,,yes,Bathyfauvelia ignigena,Bathyfauvelia ignigena,Bathyfauvelia ignigena,1,,,yes,,,holotype,,,,species,species,species,Annelida,Polychaeta,Phyllodocida,Polynoidae,Bathyfauvelia,ignigena,1311134,"Bonifácio & Menot, 2018",,SO239,JPIO/SO239,IOM,IOM,,,Sta. 81,Sta. 81,SO239_81-1,,DEPLY,JPIO/SO239_IOM_Sta. 81,site 11.0708_-119.6078_4353,,,,EAST,11.07080,-119.60780
136,literature,macrofauna,,,,y,,,Bonifacio&Menot_2019,,,yes,Macellicephaloides moustachu,Macellicephaloides moustachu,Macellicephaloides moustachu,1,,,no,,,holotype,,,,species,species,species,Annelida,Polychaeta,Phyllodocida,Polynoidae,Macellicephaloides,moustachu,1311296,"Bonifácio & Menot, 2018",,SO239,JPIO/SO239,IOM,IOM,,,Sta. 99,Sta. 99,SO239_99-1,,DEPLY,JPIO/SO239_IOM_Sta. 99,site 11.043_-119.661_4406,,,,EAST,11.04300,-119.66100
137,literature,macrofauna,,,,y,,,Bonifacio&Menot_2019,,,yes,Polaruschakov omnesae,Polaruschakov omnesae,Polaruschakov omnesae,1,,,yes,,,holotype,,,,species,species,species,Annelida,Polychaeta,Phyllodocida,Polynoidae,Polaruschakov,omnesae,1311301,"Bonifácio & Menot, 2018",,SO239,JPIO/SO239,IOM,IOM,,,Sta. 99,Sta. 99,SO239_99-1,,DEPLY,JPIO/SO239_IOM_Sta. 99,site 11.043_-119.661_4406,,,,EAST,11.04300,-119.66100
138,literature,macrofauna,,,,y,,,Bonifacio&Menot_2019,,,yes,Nu aakhu,Nu aakhu,Nu aakhu,1,,,yes,,,holotype,,,,species,species,species,Annelida,Polychaeta,Phyllodocida,Polynoidae,Nu,aakhu,1311298,"Bonifácio & Menot, 2018",,SO239,JPIO/SO239,GSR,GSR,,,Sta. 117,Sta. 117,SO239_117-1,,DEPLY,JPIO/SO239_GSR_Sta. 117,site 13.879_-123.2332_4512,,,,EAST,13.87900,-123.23320
146,literature,macrofauna,,,,y,,,Bonifacio&Menot_2019,,,yes,Bathyfauvelia glacigena,Bathyfauvelia glacigena,Bathyfauvelia glacigena,1,,,no,,,holotype,,,,species,species,species,Annelida,Polychaeta,Phyllodocida,Polynoidae,Bathyfauvelia,glacigena,1311133,"Bonifácio & Menot, 2018",,SO239,JPIO/SO239,GSR,GSR,,,Sta. 117,Sta. 117,SO239_117-1,,DEPLY,JPIO/SO239_GSR_Sta. 117,site 13.879_-123.2332_4512,,,,EAST,13.87900,-123.23320
196,literature,macrofauna,,,,y,,,Bonifacio&Menot_2019,,,yes,Hodor hodor,Hodor hodor,Hodor hodor,1,,,yes,,,holotype,,,,species,species,species,Annelida,Polychaeta,Phyllodocida,Polynoidae,Hodor,hodor,1311292,"Bonifácio & Menot, 2018",,SO239,JPIO/SO239,APEI-3,APEI-3,,,Sta. 192,Sta. 192,SO239_192-1,,DEPLY,JPIO/SO239_APEI-3_Sta. 192,site 18.7542_-128.3425_4824,,,,CENTRAL,18.75420,-128.34250
197,literature,macrofauna,,,,y,,,Bonifacio&Menot_2019,,,yes,Hodor anduril,Hodor anduril,Hodor anduril,1,,,no,,,holotype,,,,species,species,species,Annelida,Polychaeta,Phyllodocida,Polynoidae,Hodor,anduril,1311293,"Bonifácio & Menot, 2018",,SO239,JPIO/SO239,APEI-3,APEI-3,,,Sta. 192,Sta. 192,SO239_192-1,,DEPLY,JPIO/SO239_APEI-3_Sta. 192,site 18.7542_-128.3425_4824,,,,CENTRAL,18.75420,-128.34250
181,literature,macrofauna,,,,y,,,Bonifacio&Menot_2019,,,yes,Bathymoorea lucasi,Bathymoorea lucasi,Bathymoorea lucasi,1,,,no,,,holotype,,,,species,species,species,Annelida,Polychaeta,Phyllodocida,Polynoidae,Bathymoorea,lucasi,1311119,"Bonifácio & Menot, 2018",,SO239,JPIO/SO239,APEI-3,APEI-3,,,Sta. 189,Sta. 189,SO239_189-1,,DEPLY,JPIO/SO239_APEI-3_Sta. 189,site 18.7967_-128.3088_4933,,,,CENTRAL,18.79670,-128.30880
182,literature,macrofauna,,,,y,,,Bonifacio&Menot_2019,,,yes,Macellicephala parvafauces,Macellicephala parvafauces,Macellicephala parvafauces,1,,,yes,,,holotype,,,,species,species,species,Annelida,Polychaeta,Phyllodocida,Polynoidae,Macellicephala,parvafauces,1311295,"Bonifácio & Menot, 2018",,SO239,JPIO/SO239,APEI-3,APEI-3,,,Sta. 189,Sta. 189,SO239_189-1,,DEPLY,JPIO/SO239_APEI-3_Sta. 189,site 18.7967_-128.3088_4933,,,,CENTRAL,18.79670,-128.30880
163,literature,macrofauna,,,,y,,,Bonifacio&Menot_2019,,,yes,Yodanoe desbruyeresi,Yodanoe desbruyeresi,Yodanoe desbruyeresi,1,,,yes,,,holotype,,,,species,species,species,Annelida,Polychaeta,Phyllodocida,Polynoidae,Yodanoe,desbruyeresi,1311303,"Bonifácio & Menot, 2018",,SO239,JPIO/SO239,IFR2,IFR2,,,Sta. 158,Sta. 158,SO239_158-1,,DEPLY,JPIO/SO239_IFR2_Sta. 158,site 14.0628_-130.1108_4969,,,,CENTRAL,14.06280,-130.11080
165,literature,macrofauna,,,,y,,,Bonifacio&Menot_2019,,,yes,Bathyedithia retierei,Bathyedithia retierei,Bathyedithia retierei,1,,,yes,,,holotype,,,,species,species,species,Annelida,Polychaeta,Phyllodocida,Polynoidae,Bathyedithia,retierei,1311128,"Bonifácio & Menot, 2018",,SO239,JPIO/SO239,IFR2,IFR2,,,Sta. 158,Sta. 158,SO239_158-1,,DEPLY,JPIO/SO239_IFR2_Sta. 158,site 14.0628_-130.1108_4969,,,,CENTRAL,14.06280,-130.11080
177,literature,macrofauna,,,,y,,,Bonifacio&Menot_2019,,,yes,Polaruschakov limaae,Polaruschakov limaae,Polaruschakov limaae,1,,,yes,,,holotype,,,,species,species,species,Annelida,Polychaeta,Phyllodocida,Polynoidae,Polaruschakov,limaae,1311300,"Bonifácio & Menot, 2018",,SO239,JPIO/SO239,IFR2,IFR2,,,Sta. 158,Sta. 158,SO239_158-1,,DEPLY,JPIO/SO239_IFR2_Sta. 158,site 14.0628_-130.1108_4969,,,,CENTRAL,14.06280,-130.11080
178,literature,macrofauna,,,,y,,,Bonifacio&Menot_2019,,,yes,Bruunilla nealae,Bruunilla nealae,Bruunilla nealae,1,,,yes,,,holotype,,,,species,species,species,Annelida,Polychaeta,Phyllodocida,Polynoidae,Bruunilla,nealae,1311135,"Bonifácio & Menot, 2018",,SO239,JPIO/SO239,IFR2,IFR2,,,Sta. 171,Sta. 171,SO239_171-1,,DEPLY,JPIO/SO239_IFR2_Sta. 171,site 14.052_-130.0797_5025,,,,CENTRAL,14.05200,-130.07970
127,literature,macrofauna,,,,y,,,Bonifacio&Menot_2019,,,yes,Polaruschakov lamellae,Polaruschakov lamellae,Polaruschakov lamellae,1,,,yes,,,holotype,,,,species,species,species,Annelida,Polychaeta,Phyllodocida,Polynoidae,Polaruschakov,lamellae,1311299,"Bonifácio & Menot, 2018",,SO239,JPIO/SO239,BGR,BGR,,,Sta. 59,Sta. 59,SO239_59-1,,DEPLY,JPIO/SO239_BGR_Sta. 59,site 11.8085_-117.4865_4372,,,,EAST,11.80850,-117.48650
406,literature,megafauna,,,,y,,,Cairns_2015,,,yes,Callozostron bayeri,Callozostron bayeri,Callozostron bayeri,1,,,yes,,,holotype,,,,species,species,species,Cnidaria,Anthozoa,Alcyonacea,Primnoidae,Callozostron,bayeri,872588,"Cairns, 2015",,,,BGR,BGR,,,KG68,KG68,,,DEPLOY,BGR_KG68,site 11.72125_-116.727983333333_4235,,,,EAST,11.72125,-116.72798
407,literature,megafauna,,,,y,,,Cairns_2015,,,yes,Calyptrophora persephone,Calyptrophora persephone,Calyptrophora persephone,1,,,yes,,,holotype,,,,species,species,species,Cnidaria,Anthozoa,Alcyonacea,Primnoidae,Calyptrophora,persephone,872587,"Cairns, 2015",,,,BGR,BGR,,,KG61,KG61,,,DEPLOY,BGR_KG61,site 11.7605666666667_-116.737766666667_4244,,,,EAST,11.76057,-116.73777
402,literature,megafauna,,,,y,,,Cairns_2015,,,yes,Abyssoprimnoa gemina,Abyssoprimnoa gemina,Abyssoprimnoa gemina,1,,,yes,,,holotype,,,,species,species,species,Cnidaria,Anthozoa,Alcyonacea,Primnoidae,Abyssoprimnoa,gemina,872590,"Cairns, 2015",,,,BGR,BGR,,,KG58,KG58,,,DEPLOY,BGR_KG58,site 11.7830166666667_-116.81335_4168,,,,EAST,11.78302,-116.81335
413,literature,macrofauna,,,,y,,,Chim_Tong_2020,,,yes,Unispinosus eopacificus,Unispinosus eopacificus,Unispinosus eopacificus,1,,,no,,,holotype,,,,species,species,species,Arthropoda,Malacostraca,Tanaidacea,Paratanaoidea incertae sedis,Unispinosus,eopacificus,1429650,"Chim & Tong, 2020",,AB02,AB02,OMS,OMS,,,S12,S12,BC26,,STN+DEPLY,AB02_OMS_BC26,site 12.02735_-117.3252_4127,0-2cm,,,EAST,12.02735,-117.32520
410,literature,macrofauna,,,,y,,,Chim_Tong_2020,,,yes,Portaratrum birdi,Portaratrum birdi,Portaratrum birdi,1,,,no,,,holotype,,,,species,species,species,Arthropoda,Malacostraca,Tanaidacea,Paratanaoidea incertae sedis,Portaratrum,birdi,1429655,"Chim & Tong, 2020",,,,OMS,OMS,,,S08,S08,BC24,,STN+DEPLY,OMS_S08_BC24,site 12.1900666666667_-117.37135_4172,2-5cm,,,EAST,12.19007,-117.37135
418,literature,meiofauna,,,,y,,,Cho_etal_2016,,,yes,Parameiropsis tetraspinosa,Parameiropsis tetraspinosa,Parameiropsis tetraspinosa,1,,,yes,,no other specimens than holotype mentioned,holotype,,,,species,species,species,Arthropoda,Copepoda,Harpacticoida,Parameiropsidae,Parameiropsis,tetraspinosa,882381,"Cho, Wi & Suh, 2016",,KODOS,KODOS,KOREA,Korea KR5,,,,,,,coords,KODOS_Korea KR5_site 10.5018333333333_-131.333116666667_5036,site 10.5018333333333_-131.333116666667_5036,,,,CENTRAL,10.50183,-131.33312
417,literature,meiofauna,,,,y,,,Cho_etal_2016,,,yes,Parameiropsis kodosensis,Parameiropsis kodosensis,Parameiropsis kodosensis,1,,,yes,,no other specimens than holotype mentioned,holotype,,,,species,species,species,Arthropoda,Copepoda,Harpacticoida,Parameiropsidae,Parameiropsis,kodosensis,882380,"Cho, Wi & Suh, 2016",,,,KOREA,Korea KR5,,,,,,,coords,Korea KR5_site 10.5163333333333_-131.31655_4988,site 10.5163333333333_-131.31655_4988,,,,CENTRAL,10.51633,-131.31655
876,literature,macrofauna,,,,y,,,Drennan_etal_2021,,,yes,Neanthes goodayi sp. n.,Neanthes goodayi,Neanthes goodayi,1,,,no,,,holotype,,,,,species,species,Annelida,Polychaeta,Phyllodocida,Nereididae,Neanthes,goodayi,1523229,"Drennan, Wiklund, Rabone, Georgieva, Dahlgren & Glover,  2021",,AB02,AB02,UK-1,UK-1,,,Sta. U6,Sta. U6,EB02,,STN,AB02_UK-1_EB02,site 12.53716667_-116.6041667_4425,Collected from epi net (on the epibenthic sledge),,,EAST,12.53717,-116.60417
419,literature,meiofauna,,,,y,,,Fujimoto&Murakami_2020,,,yes,Fafnirloricus polymetallicus,Fafnirloricus polymetallicus,Fafnirloricus polymetallicus,1,,,yes,,,holotype,,,,species,species,species,Loricifera,,Nanaloricida,Nanaloricidae,Fafnirloricus,polymetallicus,1549600,"Fujimoto, 2020",,,,DORD,DORD,,,HAA#6,HAA#6,,,STN,DORD_HAA#6,site 10.499825_-148.733546666667_5223,,,,WEST,10.49983,-148.73355
421,literature,meiofauna,,,,y,,,Gheerardyn&George_2019,,,yes,Neoargestes laevis,Neoargestes laevis,Neoargestes laevis,1,,,yes,,,holotype,,,,species,species,species,Arthropoda,Copepoda,Harpacticoida,Argestidae,Neoargestes,laevis,1373266,"Gheerardyn & George, 2019",,,JPIO/SO239,GSR,GSR,GSR B4,,B4N01,B4N01,MUC009,,DEPLOY,JPIO/SO239_GSR_MUC009,site 14.706489_-125.44204_4501,,,,EAST,14.70649,-125.44204
1957,literature,macrofauna,,,,y,,,Grischenko_etal_2018,,,yes,Pierrella plicata,Pierrella plicata,Pierrella plicata,2,,,no,,,holotype,,,,,species,species,Bryozoa,Gymnolaemata,Ctenostomatida,Arachnidiidae,Pierrella,plicata,1299186,"Grischenko, Gordon & Melnik, 2018",,,,YUZ2,YUZ2,,,1,Sta. 1,,,STN,YUZ2_Sta. 1,site 12.91697_-128.58775_4850,,,,CENTRAL,12.91697,-128.58775
1806,literature,macrofauna,,,,y,,,Grischenko_etal_2018,,,yes,Haywardozoon pacificum,Haywardozoon pacificum,Haywardozoon pacificum,1,,,yes,,,holotype,,,,,species,species,Bryozoa,Gymnolaemata,Ctenostomatida,Haywardozoidae,Haywardozoon,pacificum,1299180,"Grischenko, Gordon & Melnik, 2018",,,,YUZ2,YUZ2,,,39,Sta. 39,,,STN,YUZ2_Sta. 39,site 13.61415_-130.82158_5017,,,,CENTRAL,13.61415,-130.82158
1754,literature,macrofauna,,,,y,,,Grischenko_etal_2018,,,yes,Calyssopora clarionensis,Calyssopora clarionensis,Calyssopora clarionensis,1,,,yes,,,holotype,,,,,species,species,Bryozoa,Stenolaemata,Cyclostomatida,Alyonushkidae,Calyssopora,clarionensis,1299138,"Grischenko, Gordon & Melnik, 2018",,,,YUZ2,YUZ2,,,220,Sta. 220,,,STN,YUZ2_Sta. 220,site 12.8859333333333_-133.181683333333_4916,,,,CENTRAL,12.88593,-133.18168
1713,literature,macrofauna,,,,y,,,Grischenko_etal_2018,,,yes,Alyonushka echinata,Alyonushka echinata,Alyonushka echinata,1,,,yes,,,holotype,,,,,species,species,Bryozoa,Stenolaemata,Cyclostomatida,Alyonushkidae,Alyonushka,echinata,1299133,"Grischenko, Gordon & Melnik, 2018",,,,YUZ2,YUZ2,,,288,Sta. 288,,,STN,YUZ2_Sta. 288,site 12.9471166666667_-132.544183333333_5056,,,,CENTRAL,12.94712,-132.54418
1803,literature,macrofauna,,,,y,,,Grischenko_etal_2018,,,yes,Frontohornera frontalis,Frontohornera frontalis,Frontohornera frontalis,1,,,yes,,,holotype,,,,,species,species,Bryozoa,Stenolaemata,Cyclostomatida,Horneridae,Frontohornera,frontalis,1299122,"Grischenko, Gordon & Melnik, 2018",,,,YUZ2,YUZ2,,,292,Sta. 292,,,STN,YUZ2_Sta. 292,site 13.0335333333333_-132.492916666667_4829,,,,CENTRAL,13.03353,-132.49292
1739,literature,macrofauna,,,,y,,,Grischenko_etal_2018,,,yes,Anyuta anastema,Anyuta anastema,Anyuta anastema,1,,,yes,,,holotype,,,,,species,species,Bryozoa,Stenolaemata,Cyclostomatida,Anyutidae,Anyuta,anastema,1299141,"Grischenko, Gordon & Melnik, 2018",,,,YUZ2,YUZ2,,,180,Sta. 180,,,STN,YUZ2_Sta. 180,site 13.03863_-133.39428_4918.6,,,,CENTRAL,13.03863,-133.39428
1733,literature,macrofauna,,,,y,,,Grischenko_etal_2018,,,yes,Alyonushka hystricosa,Alyonushka hystricosa,Alyonushka hystricosa,1,,,yes,,,holotype,,,,,species,species,Bryozoa,Stenolaemata,Cyclostomatida,Alyonushkidae,Alyonushka,hystricosa,1299132,"Grischenko, Gordon & Melnik, 2018",,,,YUZ2,YUZ2,,,199,Sta. 199,,,STN,YUZ2_Sta. 199,site 13.09042_-133.55185_4758,,,,CENTRAL,13.09042,-133.55185
1824,literature,macrofauna,,,,y,,,Grischenko_etal_2018,,,yes,Orectopora flabellum,Orectopora flabellum,Orectopora flabellum,1,,,yes,,,holotype,,,,,species,species,Bryozoa,Stenolaemata,Cyclostomatida,,Orectopora,flabellum,1299119,"Grischenko, Gordon & Melnik, 2018",,,,YUZ2,YUZ2,,,316,Sta. 316,,,STN,YUZ2_Sta. 316,site 13.0942833333333_-132.373616666667_4933,,,,CENTRAL,13.09428,-132.37362
1710,literature,macrofauna,,,,y,,,Grischenko_etal_2018,,,yes,Abyssoecia elevata,Abyssoecia elevata,Abyssoecia elevata,1,,,yes,,,holotype,,,,,species,species,Bryozoa,Stenolaemata,Cyclostomatida,Oncousoeciidae,Abyssoecia,elevata,1299008,"Grischenko, Gordon & Melnik, 2018",,,,YUZ2,YUZ2,,,302,Sta. 302,,,STN,YUZ2_Sta. 302,site 13.1646_-132.52885_4934,,,,CENTRAL,13.16460,-132.52885
1791,literature,macrofauna,,,,y,,,Grischenko_etal_2018,,,yes,Discantenna metallica,Discantenna metallica,Discantenna metallica,1,,,yes,,,holotype,,,,,species,species,Bryozoa,Stenolaemata,Cyclostomatida,Plagioeciidae,Discantenna,metallica,1299120,"Grischenko, Gordon & Melnik, 2018",,,,YUZ2,YUZ2,,,67,Sta. 67,,,STN,YUZ2_Sta. 67,site 13.1884167_-134.5122667_4820,,,,CENTRAL,13.18842,-134.51227
1964,literature,macrofauna,,,,y,,,Grischenko_etal_2018,,,yes,Rallocytus ridiculus,Rallocytus ridiculus,Rallocytus ridiculus,1,,,yes,,,holotype,,,,,species,species,Bryozoa,Stenolaemata,Cyclostomatida,Anyutidae,Rallocytus,ridiculus,1299151,"Grischenko, Gordon & Melnik, 2018",,,,YUZ2,YUZ2,,,79,Sta. 79,,,STN,YUZ2_Sta. 79,site 13.2397333_-134.3987333_4810,,,,CENTRAL,13.23973,-134.39873
1717,literature,macrofauna,,,,y,,,Grischenko_etal_2018,,,yes,Alyonushka filia,Alyonushka filia,Alyonushka filia,1,,,yes,,,holotype,,,,,species,species,Bryozoa,Stenolaemata,Cyclostomatida,Alyonushkidae,Alyonushka,filia,1299131,"Grischenko, Gordon & Melnik, 2018",,,,YUZ2,YUZ2,,,164,Sta. 164,,,STN,YUZ2_Sta. 164,site 13.267026667_-133.845628333_4922,,,,CENTRAL,13.26703,-133.84563
1898,literature,macrofauna,,,,y,,,Grischenko_etal_2018,,,yes,Pandanipora helix,Pandanipora helix,Pandanipora helix,1,,,yes,,,holotype,,,,,species,species,Bryozoa,Stenolaemata,Cyclostomatida,,Pandanipora,helix,1299106,"Grischenko, Gordon & Melnik, 2018",,,,YUZ2,YUZ2,,,238,Sta. 238,,,STN,YUZ2_Sta. 238,site 13.4458666666667_-132.910083333333_4772,,,,CENTRAL,13.44587,-132.91008
1762,literature,macrofauna,,,,y,,,Grischenko_etal_2018,,,yes,Calyssopora vasiformis,Calyssopora vasiformis,Calyssopora vasiformis,1,,,yes,,,holotype,,,,,species,species,Bryozoa,Stenolaemata,Cyclostomatida,Alyonushkidae,Calyssopora,vasiformis,1299137,"Grischenko, Gordon & Melnik, 2018",,,,YUZ2,YUZ2,,,203,Sta. 203,,,STN,YUZ2_Sta. 203,site 13.4510166666667_-133.17315_4812,,,,CENTRAL,13.45102,-133.17315
1788,literature,macrofauna,,,,y,,,Grischenko_etal_2018,,,yes,Calyssopora volcano,Calyssopora volcano,Calyssopora volcano,2,,,no,,,holotype,,,,,species,species,Bryozoa,Stenolaemata,Cyclostomatida,Alyonushkidae,Calyssopora,volcano,1299135,"Grischenko, Gordon & Melnik, 2018",,,,YUZ2,YUZ2,,,357,Sta. 357,,,STN,YUZ2_Sta. 357,site 14.03237_-131.74563_5073,,,,CENTRAL,14.03237,-131.74563
1982,literature,macrofauna,,,,y,,,Grischenko_etal_2018,,,yes,Saccocamera ampulla,Saccocamera ampulla,Saccocamera ampulla,1,,,no,,,holotype,,,,,species,species,Bryozoa,Stenolaemata,Cyclostomatida,Lichenoporidae,Saccocamera,ampulla,1299128,"Grischenko, Gordon & Melnik, 2018",,,,YUZ2,YUZ2,,,359,Sta. 359,,,STN,YUZ2_Sta. 359,site 14.08687_-131.78558_5122,,,,CENTRAL,14.08687,-131.78558
423,literature,macrofauna,,,,y,,,Grischenko_etal_2021,,,yes,Vasopora ceramica,Vasopora ceramica,Vasopora ceramica,1,,,no,,,holotype,,,,species,species,species,Bryozoa,Stenolaemata,Cyclostomatida,Alyonushkidae,Vasopora,ceramica,1544254,"Grischenko, Gordon & Melnik, 2021",YMG R.V. Gelendzhik,GLD4–19,GLD4–19,YUZ2,YUZ2,,,Sta. 421,Sta. 421,,,STN,YUZ2_Sta. 421_site 13.23408_-134.2218_4809,site 13.23408_-134.2218_4809,,,,CENTRAL,13.23408,-134.22180
436,literature,megafauna,,,add to 10 spp- porifera,y,,,Herzog_etal_2018,,,yes,Sympagella clippertonae,Sympagella clippertonae,Sympagella clippertonae,1,,,yes,,,holotype,,,,species,species,species,Porifera,Hexactinellida,Lyssacinosida,Rossellidae,Sympagella,clippertonae,1296921,"Herzog, Amon, Smith & Janussen, 2018",,AB01,AB01,UK-1,UK-1,,,RV01,,RV01,,coords,AB01_UK-1_RV01,site 13.68333333_-114.4166667_4110,,,,EAST,13.68333,-114.41667
435,literature,megafauna,,,add to 10 spp- porifera,y,,,Herzog_etal_2018,,,yes,Sympagella abysslineae,Sympagella abysslineae,Sympagella abysslineae,1,,,yes,,,holotype,,,,species,species,species,Porifera,Hexactinellida,Lyssacinosida,Rossellidae,Sympagella,abysslineae,1296920,"Herzog, Amon, Smith & Janussen, 2018",,AB01,AB01,UK-1,UK-1,,,RV01,,RV01,,coords,AB01_UK-1_RV01,site 13.85_-116.65_3952,,,,EAST,13.85000,-116.65000
700,literature,macrofauna,,,,y,,,Jakiel_etal_2019,,,yes,Beksitanais apocalyptica,Beksitanais apocalyptica,Beksitanais apocalyptica,1,,,no,,,holotype,,,,species,species,species,Arthropoda,Malacostraca,Tanaidacea,Pseudotanaidae,Beksitanais,apocalyptica,1382911,"Jakiel, Palero & B?a?ewicz, 2019",,SO239,JPIO/SO239,IOM,IOM,,,St. 81,Sta. 81,,,STN,JPIO/SO239_IOM_Sta. 81,site 11.0661666666667_-119.627833333333_4365,,,,EAST,11.06617,-119.62783
715,literature,macrofauna,,,,y,,,Jakiel_etal_2019,,,yes,Pseudotanais geralti,Pseudotanais geralti,Pseudotanais geralti,1,,,no,,,holotype,,,,species,species,species,Arthropoda,Malacostraca,Tanaidacea,Pseudotanaidae,Pseudotanais,geralti,1382918,"Jakiel, Palero & B?a?ewicz, 2019",,SO239,JPIO/SO239,IOM,IOM,,,St. 81,Sta. 81,,,STN,JPIO/SO239_IOM_Sta. 81,site 11.0661666666667_-119.627833333333_4365,,,,EAST,11.06617,-119.62783
731,literature,macrofauna,,,,y,,,Jakiel_etal_2019,,,yes,Pseudotanais mariae,Pseudotanais mariae,Pseudotanais mariae,1,,,no,,,holotype,,,,species,species,species,Arthropoda,Malacostraca,Tanaidacea,Pseudotanaidae,Pseudotanais,mariae,1382926,"Jakiel, Palero & B?a?ewicz, 2019",,SO239,JPIO/SO239,IOM,IOM,,,St. 81,Sta. 81,,,STN,JPIO/SO239_IOM_Sta. 81,site 11.0661666666667_-119.627833333333_4365,,,,EAST,11.06617,-119.62783
708,literature,macrofauna,,,,y,,,Jakiel_etal_2019,,,yes,Pseudotanais romeo,Pseudotanais romeo,Pseudotanais romeo,1,,,no,,,holotype,,,,species,species,species,Arthropoda,Malacostraca,Tanaidacea,Pseudotanaidae,Pseudotanais,romeo,1382916,"Jakiel, Palero & B?a?ewicz, 2019",,SO239,JPIO/SO239,IOM,IOM,,,St. 24,Sta. 24,,,STN,JPIO/SO239_IOM_Sta. 24,site 11.8586666666667_-119.019833333333_4100,,,,EAST,11.85867,-119.01983
719,literature,macrofauna,,,,y,,,Jakiel_etal_2019,,,yes,Pseudotanais chopini,Pseudotanais chopini,Pseudotanais chopini,1,,,no,,,holotype,,,,species,species,species,Arthropoda,Malacostraca,Tanaidacea,Pseudotanaidae,Pseudotanais,chopini,1382921,"Jakiel, Palero & B?a?ewicz, 2019",,SO239,JPIO/SO239,IOM,IOM,,,St. 24,Sta. 24,,,STN,JPIO/SO239_IOM_Sta. 24,site 11.8586666666667_-119.019833333333_4100,,,,EAST,11.85867,-119.01983
707,literature,macrofauna,,,,y,,,Jakiel_etal_2019,,,yes,Pseudotanais julietae,Pseudotanais julietae,Pseudotanais julietae,1,,,yes,,,holotype,,,,species,species,species,Arthropoda,Malacostraca,Tanaidacea,Pseudotanaidae,Pseudotanais,julietae,1382915,"Jakiel, Palero & B?a?ewicz, 2019",,SO239,JPIO/SO239,GSR,GSR,,,St. 133,Sta. 133,,,STN,JPIO/SO239_GSR_Sta. 133,site 13.8496666666667_-123.251166666667_4507,,,,EAST,13.84967,-123.25117
729,literature,macrofauna,,,,y,,,Jakiel_etal_2019,,,yes,Pseudotanais kobro,Pseudotanais kobro,Pseudotanais kobro,1,,,yes,,,holotype,,,,species,species,species,Arthropoda,Malacostraca,Tanaidacea,Pseudotanaidae,Pseudotanais,kobro,1382927,"Jakiel, Palero & B?a?ewicz, 2019",,SO239,JPIO/SO239,GSR,GSR,,,St. 117,Sta. 117,,,STN,JPIO/SO239_GSR_Sta. 117,site 13.8731666666667_-123.255_4496,,,,EAST,13.87317,-123.25500
726,literature,macrofauna,,,,y,,,Jakiel_etal_2019,,,yes,Pseudotanais chaplini,Pseudotanais chaplini,Pseudotanais chaplini,1,,,yes,,,holotype,,,,species,species,species,Arthropoda,Malacostraca,Tanaidacea,Pseudotanaidae,Pseudotanais,chaplini,1382922,"Jakiel, Palero & B?a?ewicz, 2019",,SO239,JPIO/SO239,IFR2,IFR2,,,St. 158,Sta. 158,,,STN,JPIO/SO239_IFR2_Sta. 158,site 14.0568333333333_-130.133166666667_4946,,,,CENTRAL,14.05683,-130.13317
706,literature,macrofauna,,,,y,,,Jakiel_etal_2019,,,yes,Pseudotanais gaiae,Pseudotanais gaiae,Pseudotanais gaiae,1,,,yes,,,holotype,,,,species,species,species,Arthropoda,Malacostraca,Tanaidacea,Pseudotanaidae,Pseudotanais,gaiae,1382914,"Jakiel, Palero & B?a?ewicz, 2019",,SO239,JPIO/SO239,APEI-3,APEI-3,,,St. 192,Sta. 192,,,STN,JPIO/SO239_APEI-3_Sta. 192,site 18.7468333333333_-128.3645_4877,,,,CENTRAL,18.74683,-128.36450
718,literature,macrofauna,,,,y,,,Jakiel_etal_2019,,,yes,Pseudotanais georgesandae,Pseudotanais georgesandae,Pseudotanais georgesandae,1,,,yes,,,holotype,,,,species,species,species,Arthropoda,Malacostraca,Tanaidacea,Pseudotanaidae,Pseudotanais,georgesandae,1382920,"Jakiel, Palero & B?a?ewicz, 2019",,SO239,JPIO/SO239,APEI-3,APEI-3,,,St. 192,Sta. 192,,,STN,JPIO/SO239_APEI-3_Sta. 192,site 18.7468333333333_-128.3645_4877,,,,CENTRAL,18.74683,-128.36450
705,literature,macrofauna,,,,y,,,Jakiel_etal_2019,,,yes,Pseudotanais uranos,Pseudotanais uranos,Pseudotanais uranos,4,,,no,,,holotype,,,,species,species,species,Arthropoda,Malacostraca,Tanaidacea,Pseudotanaidae,Pseudotanais,uranos,1382913,"Jakiel, Palero & B?a?ewicz, 2019",,SO239,JPIO/SO239,APEI-3,APEI-3,,,St. 197,Sta. 197,,,STN,JPIO/SO239_APEI-3_Sta. 197,site 18.811_-128.379166666667_4805,,,,CENTRAL,18.81100,-128.37917
711,literature,macrofauna,,,,y,,,Jakiel_etal_2019,,,yes,Pseudotanais yenneferae,Pseudotanais yenneferae,Pseudotanais yenneferae,1,,,no,,,holotype,,,,species,species,species,Arthropoda,Malacostraca,Tanaidacea,Pseudotanaidae,Pseudotanais,yenneferae,1382917,"Jakiel, Palero & B?a?ewicz, 2019",,SO239,JPIO/SO239,APEI-3,APEI-3,,,St. 197,Sta. 197,,,STN,JPIO/SO239_APEI-3_Sta. 197,site 18.811_-128.379166666667_4805,,,,CENTRAL,18.81100,-128.37917
735,literature,macrofauna,,,,y,,,Jakiel_etal_2019,,,yes,Pseudotanais oloughlini,Pseudotanais oloughlini,Pseudotanais oloughlini,1,,,no,,,holotype,,,,species,species,species,Arthropoda,Malacostraca,Tanaidacea,Pseudotanaidae,Pseudotanais,oloughlini,1382924,"Jakiel, Palero & B?a?ewicz, 2019",,SO239,JPIO/SO239,APEI-3,APEI-3,,,St. 197,Sta. 197,,,STN,JPIO/SO239_APEI-3_Sta. 197,site 18.811_-128.379166666667_4805,,,,CENTRAL,18.81100,-128.37917
437,literature,macrofauna,,,,y,,,Jazdzewska_etal_2021a,,,yes,Oedicerina henrici,Oedicerina henrici,Oedicerina henrici,1,,,yes,,,holotype,,,,,species,species,Arthropoda,Malacostraca,Amphipoda,Oedicerotidae,Oedicerina,henrici,1517158,"Ja?d?ewska in Ja?d?ewska, Brandt, Martínez Arbizu & Vink, 2021",,AB02,AB02,UK-1,UK-1,,,St. AB2-EB04,Sta. AB2-EB04,EB04,,STN,AB02_UK-1_EB04,site 12.1305_-117.311166666667_4111,,,,EAST,12.13050,-117.311166666667
440,literature,macrofauna,,,,y,,,Jazdzewska_etal_2021a,,,yes,Oedicerina teresae,Oedicerina teresae,Oedicerina teresae,1,,,yes,,,holotype,,,,,species,species,Arthropoda,Malacostraca,Amphipoda,Oedicerotidae,Oedicerina,teresae,1517161,"Ja?d?ewska in Ja?d?ewska, Brandt, Martínez Arbizu & Vink, 2021",,Mangan 2018,"Mangan 2018, SO262",BGR,BGR,,,St. Ma 16–25,Sta. Ma 16–25,,,STN,"Mangan 2018, SO262_BGR_Sta. Ma 16–25",site 11.81905_-116.974866666667_4107,,,,EAST,11.81905,-116.974866666667
447,literature,macrofauna,,,,y,,,Kaiser_2014,,,yes,Hebefustis vecino,Hebefustis vecino,Hebefustis vecino,1,,,yes,,,holotype,,,,species,species,species,Arthropoda,Malacostraca,Isopoda,Nannoniscidae,Hebefustis,vecino,987327,"Kaiser, 2014",,,,BGR,BGR,,,Sta. BIO12–51,Sta. BIO12–51,,,STN,BGR_Sta. BIO12–51,site 12.5238333333333_-118.2235_4226,,,,EAST,12.52383,-118.22350
444,literature,macrofauna,,,,y,,,Kaiser_2014,,,yes,Hebefustis juansenii,Hebefustis juansenii,Hebefustis juansenii,1,,,no,,,holotype,,,,species,species,species,Arthropoda,Malacostraca,Isopoda,Nannoniscidae,Hebefustis,juansenii,987306,"Kaiser, 2014",,BioNod 2012,BioNod 2012,BGR,BGR,,,Sta. BIO12-33,Sta. BIO12-33,,,STN,BioNod 2012_BGR_Sta. BIO12-33,site 11.862434_-117.052893_4133,,,,EAST,11.86243,-117.05289
448,literature,macrofauna,,,,y,,,Kaiser_etal_2018,,,yes,Ketosoma ruehlemanni,Ketosoma ruehlemanni,Ketosoma ruehlemanni,1,,,no,,,holotype,,,,species,species,species,Arthropoda,Malacostraca,Isopoda,Nannoniscidae,Ketosoma,ruehlemanni,1301328,"Kaiser & Janssen, 2018",,BioNod 2012,BioNod 2012,BGR,BGR,,,Sta. BIO12-33,Sta. BIO12-33,,,STN,BioNod 2012_BGR_Sta. BIO12-33,site 11.862434_-117.052893_4133,,,,EAST,11.86243,-117.05289
466,literature,macrofauna,,,,y,,,Kaiser_etal_2021,,,yes,Nannoniscus magdae,Nannoniscus magdae,Nannoniscus magdae,1,,,no,,,holotype,,,,,species,species,Arthropoda,Malacostraca,Isopoda,Nannoniscidae,Nannoniscus,magdae,1558477,"Kaiser, Brix & Jennings, 2021",,SO239,JPIO/SO239,GSR,IFR2,,,Sta. 171,Sta. 171,,,STN,JPIO/SO239_IFR2_Sta. 171,site 14.0401666666667_-130.092833333333_5024,,,,CENTRAL,14.04017,-130.09283
469,literature,macrofauna,,,,y,,,Kaiser_etal_2021,,,yes,Nannoniscus menoti,Nannoniscus menoti,Nannoniscus menoti,1,,,yes,,,holotype,,,,,species,species,Arthropoda,Malacostraca,Isopoda,Nannoniscidae,Nannoniscus,menoti,1558478,"Kaiser, Janssen & Mohrbeck, 2021",,SO239,JPIO/SO239,GSR,IFR2,,,Sta. 171,Sta. 171,,,STN,JPIO/SO239_IFR2_Sta. 171,site 14.0401666666667_-130.092833333333_5024,,,,CENTRAL,14.04017,-130.09283
458,literature,macrofauna,,,,y,,,Kaiser_etal_2021,,,yes,Nannoniscus pedro,Nannoniscus pedro,Nannoniscus pedro,1,,,yes,,,holotype,,,,,species,species,Arthropoda,Malacostraca,Isopoda,Nannoniscidae,Nannoniscus,pedro,1558479,"Kaiser, Brix & Kihara, 2021",,SO239,JPIO/SO239,GSR,GSR,,,Sta. 133,Sta. 133,,,STN,JPIO/SO239_GSR_Sta. 133,site 13.8408333333333_-123.2565_4516,,,,EAST,13.84083,-123.2565
451,literature,macrofauna,,,,y,,,Kaiser_etal_2021,,,yes,Nannoniscus brenkei,Nannoniscus brenkei,Nannoniscus brenkei,1,,,yes,,,holotype,,,,species,species,species,Arthropoda,Malacostraca,Isopoda,Nannoniscidae,Nannoniscus,brenkei,1558480,"Kaiser, Brix & Jennings, 2021",,BioNod 2012,BioNod 2012,BGR,BGR,,,Sta. BIO12-33,Sta. BIO12-33,,,STN,BioNod 2012_BGR_Sta. BIO12-33,site 11.862434_-117.052893_4133,,,,EAST,11.86243,-117.05289
455,literature,macrofauna,,,,y,,,Kaiser_etal_2021,,,yes,Nannoniscus hilario,Nannoniscus hilario,Nannoniscus hilario,1,,,no,,,holotype,,,,species,species,species,Arthropoda,Malacostraca,Isopoda,Nannoniscidae,Nannoniscus,hilario,1558476,"Kaiser & Kihara, 2021",,SO239,JPIO/SO239,BGR,BGR,,,Sta. 24,Sta. 24,,,STN,JPIO/SO239_BGR_Sta. 24,site 11.8531666666667_-117.021666666667_,,,,EAST,11.85317,-117.021666666667
669,literature,megafauna,,,,y,,,Kersken_etal_2018a,,,yes,Hyalonema (Prionema) breviradix,Hyalonema (Prionema) breviradix,Hyalonema (Prionema) breviradix,1,,,yes,,,holotype,,,,,species,species,Porifera,Hexactinellida,Amphidiscosida,Hyalonematidae,Hyalonema,breviradix,1016035,"Kersken, Janussen & Martínez Arbizu, 2018",,SO239,JPIO/SO239,BGR,BGR,,,SO239/64-1,Sta. 64,ROV5,,STN+DEPLY,SO239_Sta. 64_ROV5,site 11.81616667_-117.5021667_,,,,EAST,11.81617,-117.50217
670,literature,megafauna,,,,y,,,Kersken_etal_2018a,,,yes,Poliopogon microuncinatus,Poliopogon microuncinatus,Poliopogon microuncinatus,1,,,yes,,,holotype,,,,,species,species,Porifera,Hexactinellida,Amphidiscosida,Pheronematidae,Poliopogon,microuncinatus,1474664,"Kersken, Janussen & Martínez Arbizu, 2018",,SO239,JPIO/SO239,APEI-3,APEI-3,,,SO239/212-1,Sta. 212-1,ROV15,,STN+DEPLY,JPIO/SO239_APEI-3_Sta. 212-1 ROV15,site 18.54716667_-128.748_,,,,CENTRAL,18.54717,-128.74800
665,literature,megafauna,,,,y,,,Kersken_etal_2018a,,,yes,Hyalonema (Onconema) clarioni,Hyalonema (Onconema) clarioni,Hyalonema (Onconema) clarioni,1,,,yes,,,holotype,,,,,species,species,Porifera,Hexactinellida,Amphidiscosida,Hyalonematidae,Hyalonema,clarioni,1015980,"Kersken, Janussen & Martínez Arbizu, 2018",,SO239,JPIO/SO239,APEI-3,APEI-3,,,SO239/189-1,Sta. 189,ROV13,,STN+DEPLY,JPIO/SO239_APEI-3_Sta. 189 ROV13,site 18.79666667_-128.3088333_,,,,CENTRAL,18.79667,-128.30883
695,literature,megafauna,,,,y,,,Kersken_etal_2019,,,yes,Chonelasma bispinula,Chonelasma bispinula,Chonelasma bispinula,1,,,yes,,,holotype,,,,,species,species,Porifera,Hexactinellida,Sceptrulophora,Euretidae,Chonelasma,bispinula,1245759,"Kersken, Janussen & Martínez Arbizu, 2019",,SO239,JPIO/SO239,IOM,IOM,,,SO239/82-1,Sta. 82,ROV6,,STN+DEPLY,SO239_Sta. 82_ROV6,site 11.0575_-119.6315_,,,,EAST,11.05750,-119.63150
699,literature,megafauna,,,,y,,,Kersken_etal_2019,,,yes,Caulophacus (Caulophacus) wilsoni,Caulophacus (Caulophacus) wilsoni,Caulophacus (Caulophacus) wilsoni,1,,,yes,,,holotype,,,,,species,species,Porifera,Hexactinellida,Lyssacinosida,Rossellidae,Caulophacus,wilsoni,1245760,"Kersken, Janussen & Martínez Arbizu, 2019",,SO239,JPIO/SO239,,,,,SO239/13-1,Sta. 13,ROV1,,STN+DEPLY,JPIO/SO239__Sta. 13 ROV1,site 11.851_-117.0328333_,,,,EAST,11.85100,-117.03283
687,literature,megafauna,,,,y,,,Kersken_etal_2019,,,yes,Docosaccus nidulus,Docosaccus nidulus,Docosaccus nidulus,1,,,yes,,,holotype,,,,,species,species,Porifera,Hexactinellida,Lyssacinosida,Euplectellidae,Docosaccus,nidulus,1245748,"Kersken, Janussen & Martínez Arbizu, 2019",,SO239,JPIO/SO239,GSR,GSR,,,SO239/131-1,Sta. 131-1,ROV8,,STN+DEPLY,SO239_Sta. 131-1_ROV8,site 13.87316667_-123.2505_,,,,EAST,13.87317,-123.25050
671,literature,megafauna,,,,y,,,Kersken_etal_2019,,,yes,Hyalostylus microfloricomus,Hyalostylus microfloricomus,Hyalostylus microfloricomus,1,,,no,,,holotype,,,,,species,species,Porifera,Hexactinellida,Lyssacinosida,Euplectellidae,Hyalostylus,microfloricomus,1245722,"Kersken, Janussen & Martínez Arbizu, 2019",,SO239,JPIO/SO239,GSR,GSR,,,SO239/135-1,Sta. 135-1,ROV9,,STN+DEPLY,SO239_Sta. 135-1_ROV9,site 13.97816667_-123.149_,,,,EAST,13.97817,-123.14900
673,literature,megafauna,,,add to 10 spp- porifera,y,,,Kersken_etal_2019,,,yes,Hyalostylus schulzei,Hyalostylus schulzei,Hyalostylus schulzei,1,,,yes,,,holotype,,,,,species,species,Porifera,Hexactinellida,Lyssacinosida,Euplectellidae,Hyalostylus,schulzei,1245726,"Kersken, Janussen & Martínez Arbizu, 2019",,SO239,JPIO/SO239,APEI-3,APEI-3,,,SO239/189-1,Sta. 189,ROV13,,STN+DEPLY,JPIO/SO239_APEI-3_Sta. 189 ROV13,site 18.79666667_-128.3088333_na,,,,CENTRAL,18.79667,-128.30883
691,literature,megafauna,,,,y,,,Kersken_etal_2019,,,yes,Holascus spinosus,Holascusinosus,Holascusinosus,1,,,yes,,,holotype,,,,,,,,,,,,,,,,SO239,JPIO/SO239,IOM,IOM,,,SO239/82-1,Sta. 82,ROV6,,STN+DEPLY,SO239_Sta. 82_ROV6,site 11.0575_-119.6315_,,,,EAST,11.05750,-119.63150
506,literature,macrofauna,,,,y,,,Larsen&Arauijo-Silva_2014,,,yes,Paranarthrurella spinimaxillipeda,Paranarthrurella spinimaxillipeda,Paranarthrurella spinimaxillipeda,1,,,no,,,holotype,,,,species,species,species,Arthropoda,Malacostraca,Tanaidacea,Paranarthrurellidae,Paranarthrurella,spinimaxillipeda,1387682,"(Larsen & Araujo-Silva, 2014)",,BioNod 2012,BioNod 2012,IFR2,IFR2,,,Sta. BIO12-06EBS,Sta. BIO12-06EBS,,,STN,BioNod 2012_IFR2_Sta. BIO12-06EBS,site 11.7126666666667_-116.6725_4261,,,,EAST,11.71267,-116.67250
501,literature,macrofauna,,,,y,,,Larsen_1999,,,yes,Agathotanais manganicus,Agathotanais manganicus,Agathotanais manganicus,1,,,no,,,holotype,,,,species,species,species,Arthropoda,Malacostraca,Tanaidacea,Agathotanaidae,Agathotanais,manganicus,247404,"Larsen, 1999",R/V Oceanographer,NOAA DOMES 1,NOAA DOMES 1,DOMES site A,COMRA,Com1a,CHECK,station DJ23,Sta. DJ23,,,STN,NOAA DOMES 1_COMRA_Sta. DJ23,site 9.55383333333333_-151.638833333333_4934,,,,WEST,9.55383,-151.63883
495,literature,macrofauna,,,,y,,,Larsen_1999,,,yes,Agathotanais ahyongi,Agathotanais ahyongi,Agathotanais ahyongi,1,,,yes,,,holotype,,,,species,species,species,Arthropoda,Malacostraca,Tanaidacea,Agathotanaidae,Agathotanais,ahyongi,247400,"Larsen, 1999",R/V Oceanographer,NOAA DOMES 2,NOAA DOMES 2,DOMES site A,COMRA,Com1a,CHECK,station DJ69,Sta. DJ69,,,STN,NOAA DOMES 2_COMRA_Sta. DJ69,site 9.26333333333333_-151.511666666667_5049,,,,WEST,9.26333,-151.51167
508,literature,macrofauna,,,,y,,,Larsen_2011a,,,yes,Collettea longisetosa,Collettea longisetosa,Collettea longisetosa,1,,,NA,,,holotype,,,,species,species,species,Arthropoda,Malacostraca,Tanaidacea,Colletteidae,Collettea,longisetosa,606512,"Larsen, 2011",,NODINAUT,NODINAUT,IFR2,IFR2,,,Sub C Station MAC #43,Sub C Sta. MAC #43,,,STN,NODINAUT_IFR2_Sub C Sta. MAC #43,site 13.7058166666667_-131.4999_4000,,,,CENTRAL,13.70582,-131.49990
510,literature,macrofauna,,,,y,,,Larsen_2011a,,,yes,Robustochelia pacifica,Robustochelia pacifica,Robustochelia pacifica,1,,,NA,,,holotype,,,,species,species,species,Arthropoda,Malacostraca,Tanaidacea,Paratanaoidea incertae sedis,Robustochelia,pacifica,606514,"Larsen, 2011",,NODINAUT,NODINAUT,IFR2,IFR2,,,Sub C Station CAROT # 18,Sub C Sta. CAROT # 18,,,STN,NODINAUT_IFR2_Sub C Sta. CAROT # 18,site 14.0444416666667_-130.099913333333_5045,,,,CENTRAL,14.04444,-130.09991
509,literature,macrofauna,,,,y,,,Larsen_2011a,,,yes,Tumidochelia tuberculata,Tumidochelia tuberculata,Tumidochelia tuberculata,1,,,NA,,,holotype,,,,species,species,species,Arthropoda,Malacostraca,Tanaidacea,Akanthophoreidae,Tumidochelia,tuberculata,606513,"Larsen, 2011",,NODINAUT,NODINAUT,IFR2,IFR2,,,Station CAROT-0 # 15,Sta. CAROT-0 # 15,,,STN,NODINAUT_IFR2_Sta. CAROT-0 # 15,site 14.0477566666667_-130.08918_5044,,,,CENTRAL,14.04776,-130.08918
494,literature,macrofauna,,,,y,,,Larsen_2011b,,,yes,Typhlotanais pereosetulosa,Typhlotanais pereosetulosa,Typhlotanais pereosetulosa,1,,,NA,,,holotype,,,,species,species,species,Arthropoda,Malacostraca,Tanaidacea,Typhlotanaidae,Typhlotanais,pereosetulosa,606518,"Larsen, 2011",R/V l'Atalante,NODINAUT,NODINAUT,IFREMER (W),IFR1,,,Station Zone Ouest # 30,Sta. Zone Ouest # 30,,,STN,NODINAUT_IFR1_Sta. Zone Ouest # 30,site 9.5635_-150.016333333333_5051,,,,WEST,9.56350,-150.01633
493,literature,macrofauna,,,,y,,,Larsen_2011b,,,yes,Typhlotanais froufesae,Typhlotanais froufesae,Typhlotanais froufesae,1,,,NA,,,holotype,,,,species,species,species,Arthropoda,Malacostraca,Tanaidacea,Typhlotanaidae,Typhlotanais,froufesae,606517,"Larsen, 2011",R/V l'Atalante,NODINAUT,NODINAUT,IFR2,IFR2,,,"St. CAROT-B, no 24","Sta. CAROT-B, no 24",,,STN,"NODINAUT_IFR2_Sta. CAROT-B, no 24",site 14.0493333333333_-130.136333333333_4909,,,,CENTRAL,14.04933,-130.13633
492,literature,macrofauna,,,,y,,,Larsen_2011b,,,yes,Stenotanais arenasi,Stenotanais arenasi,Stenotanais arenasi,1,,,NA,,,holotype,,,,species,species,species,Arthropoda,Malacostraca,Tanaidacea,Akanthophoreidae,Stenotanais,arenasi,606516,"Larsen, 2011",R/V l'Atalante,NODINAUT,NODINAUT,IFR2,IFR2,,,"St. CAROT-B, no 22","Sta. CAROT-B, no 22",,,STN,"NODINAUT_IFR2_Sta. CAROT-B, no 22",site 14.0516666666667_-130.129_4954,,,,CENTRAL,14.05167,-130.12900
7812,literature,macrofauna,,,for fig 1 only- use Taboada abundance records,y,,,Lim_etal_2017,,,yes,Plenaster craigi,Plenaster craigi,Plenaster craigi,1,,,NA,,,holotype,,,,species,species,species,Porifera,Demospongiae,Axinellida,Stelligeridae,Plenaster,craigi,1037072,"Lim & Wiklund, 2017",,AB02,AB02,OMS,OMS,,add station,S04,,BC25,,STN,AB02_OMS_BC25,site 12.0093333333333_-117.1782_4148,,,,EAST,12.00933,-117.17820
515,literature,macrofauna,,,,y,,,Maciolek_2020,,,yes,Anguillosyllis truebloodi,Anguillosyllis truebloodi,Anguillosyllis truebloodi,1,,,no,,,holotype,,,,species,species,species,Annelida,Polychaeta,Phyllodocida,Syllidae,Anguillosyllis,truebloodi,1442145,"Maciolek, 2020",,NOAA DOMES,NOAA DOMES,,IFR1,,just east APEI-13,Sta. 1-94,Sta. 1-94,,,STN,NOAA DOMES_IFR1_Sta. 1-94,site 12.9298_-128.597383333333_4851,,,,CENTRAL,12.92980,-128.59738
519,literature,macrofauna,,,,y,,,Maciolek_2020,,,yes,Anguillosyllis hessleri,Anguillosyllis hessleri,Anguillosyllis hessleri,1,,,yes,,,holotype,,,,species,species,species,Annelida,Polychaeta,Phyllodocida,Syllidae,Anguillosyllis,hessleri,1442151,"Maciolek, 2020",,NOAA DOMES,NOAA,"DOMES SITE C, ECHO 1","DOMES SITE C, ECHO 1",,CHECK,,,sample H351,,DEPLY,"NOAA_DOMES SITE C, ECHO 1_sample H351",site 14.7075_-125.4045_4518,,,,EAST,14.70750,-125.40450
521,literature,meiofauna,,,,y,,,Mahatma_etal_2008,,,yes,Neobrychiopontius galeronae,Neobrychiopontius galeronae,Neobrychiopontius galeronae,1,,,no,,,holotype,,,,species,species,species,Arthropoda,Copepoda,Siphonostomatoida,Brychiopontiidae,Neobrychiopontius,galeronae,367185,"Mahatma, Martínez Arbizu & Ivanenko, 2008",R/V l'Atalante,NODINAUT,NODINAUT,IFR2,IFR2,,,PL 1595/03,PL 1595/03-CL05,CL 05,,STN+DEPLY,NODINAUT_IFR2_PL 1595/03-CL05,site 14.0395283333333_-130.115603333333_4978,,,,CENTRAL,14.03953,-130.11560
531,literature,macrofauna,,,,y,,,Malyutina_2011,,,yes,Storthyngura yuzhmorgeo,Storthyngura yuzhmorgeo,Storthyngura yuzhmorgeo,1,,,yes,,,holotype,,,,species,species,species,Arthropoda,Malacostraca,Isopoda,Munnopsidae,Storthyngura,yuzhmorgeo,579157,"Malyutina, 2011",,,,YUZ2,YUZ2,,,St. 8535,Sta. 8535,,,STN,YUZ2_Sta. 8535,site 13.1393333333333_-134.4905_4809,,,,CENTRAL,13.13933,-134.49050
528,literature,macrofauna,,,,y,,,Malyutina_2011,,,yes,Rectisura slavai,Rectisura slavai,Rectisura slavai,1,,,yes,,,holotype,,,,species,species,species,Arthropoda,Malacostraca,Isopoda,Munnopsidae,Rectisura,slavai,579156,"Malyutina, 2011",,,,YUZ2,YUZ2,,,St. 80,Sta. 80,,,STN,YUZ2_Sta. 80,site 13.2558333333333_-134.389666666667_4801,,,,CENTRAL,13.25583,-134.38967
539,literature,macrofauna,,,,y,,,Malyutina_etal_2020,,,yes,Pirinectes martinezi,Pirinectes martinezi,Pirinectes martinezi,1,,,no,,,holotype,,,,species,species,species,Arthropoda,Malacostraca,Isopoda,Munnopsidae,Pirinectes,martinezi,1551311,"Malyutina & Brix, 2020",RV Sonne,SO239,JPIO/SO239,BGR,BGR,,,Sta. 24,Sta. 24,,,STN,JPIO/SO239_BGR_Sta. 24,site 11.85866_-117.02_4122,,,,EAST,11.85866,-117.02000
541,literature,macrofauna,,,,y,,,Malyutina_etal_2020,,,yes,Pirinectes osbornae,Pirinectes osbornae,Pirinectes osbornae,1,,,yes,,,holotype,,,,species,species,species,Arthropoda,Malacostraca,Isopoda,Munnopsidae,Pirinectes,osbornae,1551312,"Malyutina & Brix, 2020",RV Sonne,SO239,JPIO/SO239,IFR2,IFR2,,,Sta. 171,Sta. 171,,,STN,JPIO/SO239_IFR2_Sta. 171,site 14.04233_-130.1015_4946,,,,CENTRAL,14.04233,-130.10150
525,literature,meiofauna,,,,y,,,Markhaseva_etal_2017,,,yes,Pseudeuchaeta vulgaris,Pseudeuchaeta vulgaris,Pseudeuchaeta vulgaris,1,,,no,,,holotype,,,,species,species,species,Arthropoda,Copepoda,Calanoida,Aetideidae,Pseudeuchaeta,vulgaris,1006698,"Markhaseva, Mohrbeck & Renz, 2017",,AB01,AB01,UK-1,UK-1,,,Sta. B-K-E,Sta. B-K-E,EB01,,STN,AB01_UK-1_EB01,site 13.8316666666667_-116.575_4100,,,,EAST,13.83167,-116.575
533,literature,macrofauna,,,,y,,,Matsuyama_etal_2014,,,yes,Raxifabia oligopora,Raxifabia oligopora,Raxifabia oligopora,1,,,yes,,,holotype,,,,species,species,species,Bryozoa,Gymnolaemata,Cheilostomatida,Bifaxariidae,Raxifabia,oligopora,815770,"Matsuyama, Jansen, Arbizu, Martha & Freiwald, 2014",,Mangan,Mangan,BGR,BGR,,,Stn 61,Sta. 61,,,STN,Mangan_BGR_Sta. 61,site 13.174_-118.106_3996,,,,EAST,13.17400,-118.106
534,literature,macrofauna,,,,y,,,Matsuyama_etal_2014,,,yes,Bifaxaria submucronata,Bifaxaria submucronata,Bifaxaria submucronata,1,,,yes,,doesn't state is holotype but no other specimen listed,holotype,,,,species,species,species,Bryozoa,Gymnolaemata,Cheilostomatida,Bifaxariidae,Bifaxaria,submucronata,428514,"Busk, 1884",,Mangan,Mangan,BGR,BGR,,,Stn 61,Sta. 61,,,STN,Mangan_BGR_Sta. 61,site 13.174_-118.106_3996,,,,EAST,13.17400,-118.106
535,literature,meiofauna,,,,y,,,Mercado-Salas_etal_2019,,,yes,Siphonis ruehlemanni,Siphonis ruehlemanni,Siphonis ruehlemanni,1,,,no,,,holotype,,,,species,species,species,Arthropoda,Copepoda,Harpacticoida,Aegisthidae,Siphonis,ruehlemanni,1371927,"Mercado-Salas, Khodami & Martínez Arbizu, 2019",,SO239,JPIO/SO239,BGR,BGR,,,SO239-20,Sta. 20,,,STN,JPIO/SO239_BGR_Sta. 20,site 11.8371666666667_-116.982_4127.1,,,,EAST,11.83717,-116.98200
538,literature,meiofauna,,,,y,,,Mercado-Salas_etal_2019,,,yes,Siphonis aureus,Siphonis aurreus,Siphonis aurreus,1,,,yes,,,holotype,,,,species,species,species,Arthropoda,Copepoda,Harpacticoida,Aegisthidae,Siphonis,aurreus,1371928,"Mercado-Salas, Khodami & Martínez Arbizu, 2019",,,,IOM,IOM,,,SO239-80,Sta. 80,,,STN,IOM_Sta. 80,site 11.0715_-119.604833333333_5024.9,,,,EAST,11.07150,-119.60483
772,literature,meiofauna,,,,y,,,Miljuntina&Miljutin_2012,,,yes,Acantholaimus veitkoehlerae,Acantholaimus veitkoehlerae,Acantholaimus veitkoehlerae,1,,,no,,,holotype,,,,,species,species,Nematoda,Chromadorea,Chromadorida,Chromadoridae,Acantholaimus,veitkoehlerae,873640,"Miljutina & Miljutin, 2012",,NODINAUT,NODINAUT,IFR2,IFR2,,,PL-1599/7,PL-1599/7,,,STN,NODINAUT_IFR2_PL-1599/7,site 13.9271666666667_-130.203333333333_4800,,,,CENTRAL,13.92717,-130.20333
749,literature,meiofauna,,,,y,,,Miljuntina&Miljutin_2012,,,yes,Acantholaimus barbatus,Acantholaimus barbatus,Acantholaimus barbatus,1,,,no,,,holotype,,,,,species,species,Nematoda,Chromadorea,Chromadorida,Chromadoridae,Acantholaimus,barbatus,734415,"Miljutina & Miljutin, 2012",,NODINAUT,NODINAUT,IFR2,IFR2,,stn-deployment harmonised,MTB-18,MTB-18,MTB-18-C2N,,STN,NODINAUT_IFR2_MTB-18-C2N,site 14.042_-130.133_4950,,,,CENTRAL,14.04200,-130.13300
755,literature,meiofauna,,,,y,,,Miljuntina&Miljutin_2012,,,yes,Acantholaimus cornutus,Acantholaimus cornutus,Acantholaimus cornutus,1,,,no,,,holotype,,,,,species,species,Nematoda,Chromadorea,Chromadorida,Chromadoridae,Acantholaimus,cornutus,734416,"Miljutina & Miljutin, 2012",,NODINAUT,NODINAUT,IFR2,IFR2,,station+ deploy harmonised,MTB-8,MTB-8,MTB-8-C2,,STN,NODINAUT_IFR2_MTB-8-C2,site 14.0425_-130.089166666667_5035,,,,CENTRAL,14.04250,-130.08917
769,literature,meiofauna,,,,y,,,Miljuntina&Miljutin_2012,,,yes,Acantholaimus tchesunovi,Acantholaimus tchesunovi,Acantholaimus tchesunovi,1,,,yes,,,holotype,,,,,species,species,Nematoda,Chromadorea,Chromadorida,Chromadoridae,Acantholaimus,tchesunovi,873642,"Miljutina & Miljutin, 2012",,NODINAUT,NODINAUT,IFR2,IFR2,,station+ deploy harmonised,MTB-8,MTB-8,MTB-8-C2,,STN,NODINAUT_IFR2_MTB-8-C2,site 14.0425_-130.089166666667_5035,,,,CENTRAL,14.04250,-130.08917
745,literature,meiofauna,,,,y,,,Miljuntina&Miljutin_2012,,,yes,Acantholaimus arthrochaeta,Acantholaimus arthrochaeta,Acantholaimus arthrochaeta,1,,,no,,,holotype,,,,,species,species,Nematoda,Chromadorea,Chromadorida,Chromadoridae,Acantholaimus,arthrochaeta,734414,"Miljutina & Miljutin, 2012",,NODINAUT,NODINAUT,IFR2,IFR2,,stn-deployment harmonised,MTB-15,MTB-15,MTB-15-C1N,,STN,NODINAUT_IFR2_MTB-15-C1N,site 14.0448333333333_-130.130666666667_4947,,,,CENTRAL,14.04483,-130.13067
764,literature,meiofauna,,,,y,,,Miljuntina&Miljutin_2012,,,yes,Acantholaimus robustus,Acantholaimus robustus,Acantholaimus robustus,1,,,no,,,holotype,,,,,species,species,Nematoda,Chromadorea,Chromadorida,Chromadoridae,Acantholaimus,robustus,873641,"Miljutina & Miljutin, 2012",,NODINAUT,NODINAUT,IFR2,IFR2,,station+ deploy harmonised,MTB-7,MTB-7,MTB-7-C6,,STN,NODINAUT_IFR2_MTB-7-C6,site 14.048_-130.082833333333_5042,,,,CENTRAL,14.04800,-130.08283
767,literature,meiofauna,,,,y,,,Miljuntina&Miljutin_2012,,,yes,Acantholaimus sieglerae,Acantholaimus sieglerae,Acantholaimus sieglerae,1,,,yes,,,holotype,,,,,species,species,Nematoda,Chromadorea,Chromadorida,Chromadoridae,Acantholaimus,sieglerae,734417,"Miljutina & Miljutin, 2012",,NODINAUT,NODINAUT,IFR2,IFR2,,,MTB-1,MTB-1,,,STN,NODINAUT_IFR2_MTB-1,site 14.0663333333333_-130.116_4983,,,,CENTRAL,14.06633,-130.11600
783,literature,meiofauna,,,,y,,,Miljutin&Miljuntina_2009a,,,yes,Trophomera elegantis,Trophomera elegantis,Trophomera elegantis,1,,,yes,,,holotype,,,,,species,species,Nematoda,Chromadorea,Plectida,Benthimermithidae,Trophomera,elegantis,458916,"Miljutin & Miljutina, 2009",,NODINAUT,NODINAUT,IFR2,IFR2,,,station 1597-5 CL 06,Sta. 1597-5 CL 06,,,STN,NODINAUT_IFR2_Sta. 1597-5 CL 06,site 13.9271666666667_-130.203333333333_4900,2-5cm,,,CENTRAL,13.92717,-130.20333
782,literature,meiofauna,,,,y,,,Miljutin&Miljuntina_2009a,,,yes,Trophomera pacifica,Trophomera pacifica,Trophomera pacifica,1,,,yes,,,holotype,,,,,species,species,Nematoda,Chromadorea,Plectida,Benthimermithidae,Trophomera,pacifica,458931,"Miljutin & Miljutina, 2009",,NODINAUT,NODINAUT,IFR2,IFR2,,stn-deployment harmonised,MTB-18,MTB-18,MTB-18-C2N,,STN,NODINAUT_IFR2_MTB-18-C2N,site 14.042_-130.133_4950,,,,CENTRAL,14.04200,-130.13300
784,literature,meiofauna,,,,y,,,Miljutin&Miljuntina_2009a,,,yes,Trophomera senckenbergi,Trophomera senckenbergi,Trophomera senckenbergi,1,,,yes,,,holotype,,,,,species,species,Nematoda,Chromadorea,Plectida,Benthimermithidae,Trophomera,senckenbergi,458938,"Miljutin & Miljutina, 2009",,NODINAUT,NODINAUT,IFR2,IFR2,,station+ deploy harmonised,MTB-8,MTB-8,MTB-8-C2,,STN,NODINAUT_IFR2_MTB-8-C2,site 14.0425_-130.089166666667_5035,,,,CENTRAL,14.04250,-130.08917
781,literature,meiofauna,,,,y,,,Miljutin&Miljuntina_2009a,,,yes,Bathynema nodinauti,Bathynema nodinauti,Bathynema nodinauti,1,,,yes,,,holotype,,,,,species,species,Nematoda,Chromadorea,Plectida,Benthimermithidae,Bathynema,nodinauti,458904,"Miljutin & Miljutina, 2009",,NODINAUT,NODINAUT,IFR2,IFR2,,stn-deployment harmonised,MTB-16,MTB-16,MTB-16-C3N,,STN,NODINAUT_IFR2_MTB-16-C3N,site 14.045_-130.128833333333_4950,,,,CENTRAL,14.04500,-130.12883
786,literature,meiofauna,,,,y,,,Miljutin&Miljuntina_2009a,,,yes,Trophomera minutissima,Trophomera minutissima,Trophomera minutissima,1,,,yes,,,holotype,,,,species,species,species,Nematoda,Chromadorea,Plectida,Benthimermithidae,Trophomera,minutissima,458930,"Miljutin & Miljutina, 2009",,NODINAUT,NODINAUT,IFR2,IFR2,,stn-deployment harmonised,MTB-6,MTB-6,MTB-6-C2,,STN,NODINAUT_IFR2_MTB-6-C2,site 14.0476666666667_-130.089166666667_5040,,,,CENTRAL,14.04767,-130.08917
794,literature,meiofauna,,,,y,,,Miljutin&Miljuntina_2009b,,,yes,Aponema abyssalis,Aponema abyssalis,Aponema abyssalis,1,,,no,,,holotype,,,,,species,species,Nematoda,Chromadorea,Desmodorida,Microlaimidae,Aponema,abyssalis,836300,"(Miljutin & Miljutina, 2009) Tchesunov, 2014",,NODINAUT,NODINAUT,IFR2,IFR2,,stn-deployment harmonised,MTB-18,MTB-18,MTB-18-C2N,,STN,NODINAUT_IFR2_MTB-18-C2N,site 14.042_-130.133_4950,,,,CENTRAL,14.04200,-130.13300
805,literature,meiofauna,,,,y,,,Miljutin&Miljuntina_2009b,,,yes,Microlaimus parviporosus,Microlaimus parviporosus,Microlaimus parviporosus,1,,,no,,,holotype,,,,,species,species,Nematoda,Chromadorea,Desmodorida,Microlaimidae,Microlaimus,parviporosus,477188,"Miljutin & Miljutina, 2009",,NODINAUT,NODINAUT,IFR2,IFR2,,station+ deploy harmonised,MTB-7,MTB-7,MTB-7-C6,,STN,NODINAUT_IFR2_MTB-7-C6,site 14.048_-130.082833333333_5042,,,,CENTRAL,14.04800,-130.08283
787,literature,meiofauna,,,,y,,,Miljutin&Miljuntina_2009b,,,yes,Microlaimus martinezi,Microlaimus martinezi,Microlaimus martinezi,1,,,yes,,,holotype,,,,species,species,species,Nematoda,Chromadorea,Desmodorida,Microlaimidae,Microlaimus,martinezi,836301,"(Miljutin & Miljutina, 2009) Tchesunov, 2014",,NODINAUT,NODINAUT,IFR2,IFR2,,,MTB-2,MTB-2,MTB-2,,STN,NODINAUT_IFR2_MTB-2,site 14.0566666666667_-130.093_5013,,,,CENTRAL,14.05667,-130.09300
481,literature,megafauna,,,,y,,,Molodtsova&Opresko_2017,,,yes,Abyssopathes anomala,Abyssopathes anomala,Abyssopathes anomala,1,,,yes,,,holotype,,,,species,species,species,Cnidaria,Anthozoa,Antipatharia,Schizopathidae,Abyssopathes,anomala,994320,"Molodtsova & Opresko, 2017",R/V Governor Ray,Cruise 80-02,Cruise 80-02,YUZ2,YUZ2,,,stn DH 4,Sta. DH 4,,,STN,Cruise 80-02_YUZ2_Sta. DH 4,site 13.22_-129.9_4770,,,,CENTRAL,13.22000,-129.90000
7955,literature,macrofauna,,,,y,,,Neal_etal_2022a,Guggolz_etal_2020,PreservedSpecimen,yes,Poecilochaetus sp. ,Poecilochaetus brenkei,Poecilochaetus brenkei,1,,,yes,,,holotype,,,,,,,Annelida,Polychaeta,Spionida,Poecilochaetidae,Poecilochaetus,brenkei,1601580,"Neal, Wiklund, Rabone, Dahlgren & Glover, 2022",R/V Melville Cruise no. MV1313,AB01,AB01,UK-1,UK-1,UK-1 Stratum A,add station,,,BC08,,STN,AB01_UK-1_BC08,site 13.81166667_-116.71_4076,Collected from box core using a 300 micron sieve,Abyssal plain,,EAST,13.81167,-116.71000
7924,literature,macrofauna,,,,y,,,Neal_etal_2022a,Guggolz_etal_2020,PreservedSpecimen,yes,Laonice shulseae (NHM_2182),Laonice shulseae,Laonice shulseae,1,,,no,,,holotype,,,,,,,Annelida,Polychaeta,Spionida,Spionidae,Laonice,shulseae,1602146,"Neal, Wiklund, Rabone, Dahlgren & Glover, 2022",R/V Thomas G. Thompson Cruise no. TN319,AB02,AB02,APEI-6,APEI-6,APEI-6,add station,,,BC28,,STN,AB02_APEI-6_BC28,site 19.46663333_-120.0028667_4141,0-2cm,Abyssal plain,,EAST,19.46663,-120.00287
31316,literature,macrofauna,,,,y,,,Neal_etal_2022b,,PreservedSpecimen,yes,,Euphrosinopsis ahearni,Euphrosinopsis ahearni,1,,,NO,,,holotype,,,,,species,species,Annelida,Polychaeta,Amphinomida,Euphrosinidae,Euphrosinopsis,,,,R/V Thomas G. Thompson Cruise no. TN319,AB02,AB02,OMS,OMS,OMS-Stratum A,,Sta. S5,,EB06,,DEPLOY,AB02_OMS_EB06,site 12.25733333_-117.3021667_4302,,Abyssal plain,,EAST,12.25733,-117.30217
31328,literature,macrofauna,,,,y,,,Neal_etal_2022b,,PreservedSpecimen,yes,,Euphrosinella georgievae,Euphrosinella georgievae,1,,,yes,,,holotype,,,,,species,species,Annelida,Polychaeta,Amphinomida,Euphrosinidae,Euphrosinella,,,,R/V Thomas G. Thompson Cruise no. TN319,AB02,AB02,UK-1,UK-1,UK-1 Stratum B,,Sta. U5,,EB02,,DEPLOY,AB02_UK-1_EB02,site 12.53716667_-116.6041667_4425,,Abyssal plain,,EAST,12.53717,-116.60417
31306,literature,macrofauna,,,,y,,,Neal_etal_2022b,,PreservedSpecimen,yes,,Euphrosinopsis halli,Euphrosinopsis halli,1,,,yes,,,holotype,,,,,species,species,Annelida,Polychaeta,Amphinomida,Euphrosinidae,Euphrosinopsis,,,,M/V Pacific Constructor,RC01,RC01,UK-1,UK-1,,,Sta. ST52,,BC34,,DEPLOY,RC01_UK-1_BC34,site 12.17996583_-117.0652771_4117,,Abyssal plain,,EAST,12.17997,-117.06528
7857,literature,megafauna,,,,y,,,O’Loughlin&Ahearn_2005,,,yes,Molpadiodemas helios,Molpadiodemas helios,Molpadiodemas helios,1,,,no,,,holotype,,,,species,species,species,Echinodermata,Holothuroidea,Persiculida,Molpadiodemidae,Molpadiodemas,helios,389596,"O'Loughlin & Ahearn, 2005",,"RV Governor Ray, 1980","RV Governor Ray, 1980",YUZ2,YUZ2,,,,,,,coords,"RV Governor Ray, 1980_YUZ2_site 13.21667_-129.8833_4877",site 13.21667_-129.8833_4877,,,,CENTRAL,13.21667,-129.88330
7996,literature,macrofauna,,,,y,,,Paterson_etal_2016,,,yes,Prionospio branchilucida,Prionospio branchilucida,Prionospio branchilucida,1,,,yes,,,holotype,,,,species,species,species,Annelida,Polychaeta,Spionida,Spionidae,Prionospio,branchilucida,871993,"Altamira, Glover & Paterson in Paterson et al., 2016",R/V New Horizon,KAPLAN,KAPLAN,IOM,IOM,,add station,,,BC 830,,STN,KAPLAN_IOM_BC 830,site 14.9308_-119.0495_4076,,,,EAST,14.93080,-119.04950
571,literature,megafauna,,,,y,,,Pawson&Foell_1986,,,yes,Peniagone leander,Peniagone leander,Peniagone leander,1,,,NA,,,holotype,,,,species,species,species,Echinodermata,Holothuroidea,Elasipodida,Elpidiidae,Peniagone,leander,529107,"Pawson & Foell, 1986",,,,GSR,GSR,,,,,,,coords,GSR_site 14.55_-126.033333333333_4567,site 14.55_-126.033333333333_4567,,,,EAST,14.55000,-126.03333
543,literature,megafauna,,,,y,,,Pawson_1983,,,yes,Psychronaetes hanseni,Psychronaetes hanseni,Psychronaetes hanseni,1,,,NA,,,holotype,,,,species,species,species,Echinodermata,Holothuroidea,Elasipodida,Laetmogonidae,Psychronaetes,hanseni,529105,"Pawson, 1983",,,,,,,,West of 120W,West of 120W,,,STN,West of 120W,site 8.85_-142.45_5200,,,,WEST,8.85000,-142.45000
550,literature,megafauna,,,,y,,,Ridley&Dendy_1887,,,yes,Axoniderma longipinna,Axoniderma longipinna,Axoniderma longipinna,1,,,yes,,check,holotype,,,,species,species,species,Porifera,Demospongiae,Poecilosclerida,Cladorhizidae,Axoniderma,longipinna,1466531,"(Ridley & Dendy, 1886)",,,,,,,,,,,,coords,site 14.3167_-152.6167_5514,site 14.3167_-152.6167_5514,,,,WEST,14.31670,-152.61670
557,literature,macrofauna,,,,y,,,Riehl&DeSmet_2020,,,yes,Macrostylis metallicola,Macrostylis metallicola,Macrostylis metallicola,1,,,yes,,,holotype,,,,species,species,species,Arthropoda,Malacostraca,Isopoda,Macrostylidae,Macrostylis,metallicola,1423832,"Riehl & De Smet, 2020",R/V Mt Mitchell,R/V Mt Mitchell,R/V Mt Mitchell 2015,GSR,GSR,GSR B15,,,,BC035-BIO,,DEPLOY,R/V Mt Mitchell 2015_GSR_BC035-BIO,site 14.64745_-125.40884_4505,,,,EAST,14.64745,-125.40884
579,literature,macrofauna,,,,y,,,Riehl_etal_2014,,,yes,Urstylis solicopia,Urstylis solicopia,Urstylis solicopia,1,,,yes,,,holotype,,,,species,species,species,Arthropoda,Malacostraca,Isopoda,Urstylidae,Urstylis,solicopia,747380,"Riehl, Wilson & Malyutina, 2014",Yuzhmorgeologia,4–06,4–06,YUZ2,YUZ2,,,90,Sta. 90,,,STN,4–06_YUZ2_Sta. 90,site 13.21863_-134.49165_4804,,,,CENTRAL,13.21863,-134.49165
599,literature,macrofauna,,,,y,,,Roux&Pawson_1999,,,yes,Hyocrinus foelli,Hyocrinus foelli,Hyocrinus foelli,1,,,no,,,holotype,,,,species,species,species,Echinodermata,Crinoidea,Hyocrinida,Hyocrinidae,Hyocrinus,foelli,828444,"Roux & Pawson, 1999",,,,"DOMES SITE C, ECHO 1",GSR,GSR B12,CHECK,,,,,coords,"DOMES SITE C, ECHO 1_site 14.6666666666667_-125.416666666667_4300",site 14.6666666666667_-125.416666666667_4300,,,,EAST,14.66667,-125.41667
7828,literature,meiofauna,,,,y,,,Sanchez_etal_2019,,,yes,Cephalorhyncha polunga sp. nov.,Cephalorhyncha polunga,Cephalorhyncha polunga,1,,,no,,,holotype,,,,,species,species,Kinorhyncha,Cyclorhagida,Echinorhagata,Echinoderidae,Cephalorhyncha,polunga,1433133,"Sánchez, Pardos & Martínez Arbizu, 2019",,Flum 2015,"SO240, Flum 2015",,,,add station,MUC #109/12,,MUC #109/12,,DEPLY,"SO240, Flum 2015__MUC #109/12",site 11.8131833333333_-116.529333333333_4327,,,,EAST,11.81318,-116.529333333333
7820,literature,meiofauna,,,,y,,,Sanchez_etal_2019,,,yes,Echinoderes shenlong sp. nov.,Echinoderes shenlong,Echinoderes shenlong,1,,,yes,,,holotype,,,,,species,species,Kinorhyncha,Cyclorhagida,Echinorhagata,Echinoderidae,Echinoderes,shenlong,1433134,"Sánchez, Pardos & Martínez Arbizu, 2019",,Flum 2015,"SO240, Flum 2015",,,,add station,MUC #37/05,,MUC #37/05,,DEPLY,"SO240, Flum 2015__MUC #37/05",site 12.9021833333333_-118.413033333333_4319,,,,EAST,12.90218,-118.413033333333
7835,literature,meiofauna,,,,y,,,Sanchez_etal_2019,,,yes,Meristoderes taro sp. nov.,Meristoderes taro,Meristoderes taro,1,,,yes,,,holotype,,,,,species,species,Kinorhyncha,Cyclorhagida,Echinorhagata,Echinoderidae,Meristoderes,taro,1433135,"Sánchez, Pardos & Martínez Arbizu, 2019",,SO239,JPIO/SO239,IOM,IOM,,add station,MUC #86/04,,MUC #86,4,DEPLY,JPIO/SO239_IOM_MUC #86,site 11.7503333333333_-119.6635_4439,,,,EAST,11.75033,-119.6635
30355,literature,meiofauna,,,,y,,,Sanchez_etal_2022,,,yes,,Echinoderes delaordeni,Echinoderes delaordeni,1,,,yes,,,holotype,,,,,,,Kinorhyncha,Cyclorhagida,Echinorhagata,Echinoderidae,Echinoderes,delaordeni,,,,Flum 2015,"SO240, Flum 2015",BGR,IOM,,,MUC #74,MUC #74,MUC #74,,DEPLOY,"SO240, Flum 2015_IOM_MUC #74",site 12.9266833333333_-119.147166666667_4295,,,,EAST,12.92668,-119.147166666667
30353,literature,meiofauna,,,,y,,,Sanchez_etal_2022,,,yes,,Echinoderes sanctorum,Echinoderes sanctorum,1,,,na,,,holotype,,,,,,,Kinorhyncha,Cyclorhagida,Echinorhagata,Echinoderidae,Echinoderes,sanctorum,,,,Mangan 2014 / KM14-08,Mangan 2014 / KM14-08,BGR,BGR,,,MUC #93,MUC #93,MUC #93,,DEPLOY,Mangan 2014 / KM14-08_BGR_MUC #93,site 11.2702833333333_-117.238583333333_4189,,,,EAST,11.27028,-117.238583333333
30363,literature,meiofauna,,,,y,,,Sanchez_etal_2022,,,yes,,Echinoderes zeppilliae,Echinoderes zeppilliae,1,,,na,,,holotype,,,,,,,Kinorhyncha,Cyclorhagida,Echinorhagata,Echinoderidae,Echinoderes,zeppilliae,,,,Mangan 2016 KM16,"Mangan 2016, KM16",BGR,BGR,,,MUC #44,MUC #44,MUC #44,,DEPLOY,"Mangan 2016, KM16_BGR_MUC #44",site 11.8547333333333_-117.039416666667_4135,,,,EAST,11.85473,-117.039416666667
637,literature,meiofauna,,,,y,,,Shimada_etal_2020,,,yes,Oxystomina hakureiae,Oxystomina hakureiae,Oxystomina hakureiae,1,,,no,,,holotype,,,,,species,species,Nematoda,Enoplea,Enoplida,Oxystominidae,Oxystomina,hakureiae,1461984,"Shimada, Takeda, Tsune & Murakami, 2020",R/V Hakurei-Maru no. 2,,,DORD,DORD,,,JES05,JES05,11JESC05,,STN+DEPLY,JES05_11JESC05,site 9.24877333333333_-146.25863_5342,,,,WEST,9.24877,-146.25863
639,literature,meiofauna,,,,y,,,Shimada_etal_2020,,,yes,Phanodermopsis dordi,Phanodermopsis dordi,Phanodermopsis dordi,1,,,yes,,,holotype,,,,,species,species,Nematoda,Enoplea,Enoplida,Phanodermatidae,Phanodermopsis,dordi,1461981,"Shimada, Takeda, Tsune & Murakami, 2020",Ka'imikai-O-Kanaloa,,,DORD,DORD,,,PR05,PR05,16PRSC01,,STN+DEPLY,PR05_16PRSC01,site 10.4322933333333_-147.833381666667_5321,,,,WEST,10.43229,-147.833381666667
640,literature,meiofauna,,,,y,,,Shimada_etal_2020,,,yes,Halalaimus shinkai,Halalaimus shinkai,Halalaimus shinkai,1,,,yes,,,holotype,,,,,species,species,Nematoda,Enoplea,Enoplida,Oxystominidae,Halalaimus,shinkai,1461979,"Shimada, Takeda, Tsune & Murakami, 2020",Ka'imikai-O-Kanaloa,,,DORD,DORD,,,PR05,PR05,16PRSC01,,STN+DEPLY,PR05_16PRSC01,site 10.4322933333333_-147.833381666667_5321,,,,WEST,10.43229,-147.833381666667
636,literature,meiofauna,,,,y,,,Shimada_etal_2021,,,yes,Trophomera mangani,Trophomera mangani,Trophomera mangani,1,,,yes,,,holotype,,,,species,species,species,Nematoda,Chromadorea,Plectida,Benthimermithidae,Trophomera,mangani,1520561,"Shimada, 2021",Ka'imikai-O-Kanaloa,Ka'imikai-O-Kanaloa,Ka'imikai-O-Kanaloa,DORD,DORD,,,W,W,16MNSC26,,STN+DEPLY,Ka'imikai-O-Kanaloa_DORD_16MNSC26,site 10.5024916666667_-148.9926_5331,2-3cm,,,WEST,10.50249,-148.99260
635,literature,meiofauna,,,,y,,,Shimada_etal_2021,,,yes,Trophomera fodinae,Trophomera fodinae,Trophomera fodinae,1,,,yes,,,holotype,,,,species,species,species,Nematoda,Chromadorea,Plectida,Benthimermithidae,Trophomera,fodinae,1520563,"Shimada, 2021",R/V Hakurei-Maru no. 2,,,DORD,DORD,,,JES03,JES03,11JESC03,,STN+DEPLY,JES03_11JESC03,site 9.24848333333333_-146.260013333333_5369,1-2cm,,,WEST,9.24848,-146.26001
621,literature,macrofauna,,,,y,,,Stepien_etal_2022,,,yes,Agathotanais beatae,Agathotanais beatae,Agathotanais beatae,1,,,yes,,,holotype,,,,,species,species,Arthropoda,Malacostraca,Tanaidacea,Agathotanaidae,Agathotanais,beatae,1568820,"Jó?wiak & Pe?czy?ska, 2022",,SO239,JPIO/SO239,IOM,IOM,,,St. 96,Sta. 96,,,STN,JPIO/SO239_IOM_Sta. 96,site 11.0735_-119.655833333333_4418,,,,EAST,11.07350,-119.655833333333
624,literature,macrofauna,,,,y,,,Stepien_etal_2022,,,yes,Agathotanais jani,Agathotanais jani,Agathotanais jani,1,,,no,,,holotype,,,,,species,species,Arthropoda,Malacostraca,Tanaidacea,Agathotanaidae,Agathotanais,jani,1568824,"Jó?wiak & Pe?czy?ska, 2022",,SO239,JPIO/SO239,GSR,GSR,,,St. 118,Sta. 118,,,STN,JPIO/SO239_GSR_Sta. 118,site 13.873_-123.2515_4511,,,,EAST,13.87300,-123.2515
613,literature,megafauna,,,,y,,,Wang_etal_2018,,,yes,Chaunoplectella megapora,Chaunoplectella megapora,Chaunoplectella megapora,1,,,yes,,definite singleton,holotype,,,,species,species,species,Porifera,Hexactinellida,Lyssacinosida,Leucopsacidae,Chaunoplectella,megapora,1055812,"Wang, Zhang, Lu & Wang, 2018",,,,COMRA,COMRA,,,DY31-II-JL-Dive 64,DY31-II-JL-Dive 64,,,STN,COMRA_DY31-II-JL-Dive 64,site 9.99708333333333_-154.296716666667_5258,,,,WEST,9.99708,-154.29672
614,literature,macrofauna,,,,y,,,Wi_etal_2014,,,yes,Neotanais capillus,Neotanais capillus,Neotanais capillus,1,,,NA,,,holotype,,,,species,species,species,Arthropoda,Malacostraca,Tanaidacea,Neotanaidae,Neotanais,capillus,827235,"Wi, Suh & Yu, 2014",,,,KODOS,Korea KR5,,,Stn. 2,Sta. 2,,,STN,KODOS_Sta. 2,site 10.4943666666667_-131.332366666667_5026,,,,CENTRAL,10.49437,-131.33237
615,literature,macrofauna,,,,y,,,Wi_etal_2014,,,yes,Neotanais pacificus,Neotanais pacificus,Neotanais pacificus,1,,,NA,,,holotype,,,,species,species,species,Arthropoda,Malacostraca,Tanaidacea,Neotanaidae,Neotanais,pacificus,827234,"Wi, Suh & Yu, 2014",,,,KODOS,Korea KR5,,,Stn. 1,Sta. 1,,,STN,KODOS_Sta. 1,site 10.5012666666667_-131.312183333333_4934,,,,CENTRAL,10.50127,-131.31218
620,literature,macrofauna,,,,y,,,Wi_etal_2015a,,,yes,Collettea prominentia,Collettea prominentia,Collettea prominentia,1,,,NA,,,holotype,,,,species,species,species,Arthropoda,Malacostraca,Tanaidacea,Colletteidae,Collettea,prominentia,883782,"Wi, Suh & Kim, 2015",R/V Onnuri,,,KODOS,Korea KR5,,,Stn. 3,Sta. 3,,,STN,KODOS_Sta. 3,site 10.4818_-131.925016666667_5155,,,,CENTRAL,10.48180,-131.92502
619,literature,macrofauna,,,,y,,,Wi_etal_2015a,,,yes,Collettea eminula,Collettea eminula,Collettea eminula,1,,,NA,,,holotype,,,,species,species,species,Arthropoda,Malacostraca,Tanaidacea,Colletteidae,Collettea,eminula,883783,"Wi, Suh & Kim, 2015",R/V Onnuri,,,KODOS,Korea KR5,,,Stn. 1,Sta. 1,,,STN,KODOS_Sta. 1,site 10.5018333333333_-131.333116666667_5036,,,,CENTRAL,10.50183,-131.33312
618,literature,macrofauna,,,,y,,,Wi_etal_2015a,,,yes,Collettea aspera,Collettea aspera,Collettea aspera,1,,,NA,,,holotype,,,,species,species,species,Arthropoda,Malacostraca,Tanaidacea,Colletteidae,Collettea,aspera,883781,"Wi, Suh & Kim, 2015",R/V Onnuri,,,KODOS,Korea KR5,,,Stn. 2,Sta. 2,,,STN,KODOS_Sta. 2,site 10.5163333333333_-131.31655_4988,,,,CENTRAL,10.51633,-131.31655
616,literature,macrofauna,,,,y,,,Wi_etal_2015b,,,yes,Neotanais brevis,Neotanais brevis,Neotanais brevis,1,,,NA,,,holotype,,,,species,species,species,Arthropoda,Malacostraca,Tanaidacea,Neotanaidae,Neotanais,brevis,1048919,"Wi, Suh & Yu, 2015",R/V Onnuri,,,KODOS,Korea KR5,,,Stn. 1,Sta. 1,,,STN,KODOS_Sta. 1,site 10.49965_-131.9265_5180,,,,CENTRAL,10.49965,-131.92650
617,literature,macrofauna,,,,y,,,Wi_etal_2015b,,,yes,Neotanais triqueturus,Neotanais triqueturus,Neotanais triqueturus,1,,,NA,,,holotype,,,,species,species,species,Arthropoda,Malacostraca,Tanaidacea,Neotanaidae,Neotanais,triqueturus,1048920,"Wi, Suh & Yu, 2015",R/V Onnuri,,,KODOS,Korea KR5,,,Stn. 1,Sta. 1,,,STN,KODOS_Sta. 1,site 10.49965_-131.9265_5180,,,,CENTRAL,10.49965,-131.92650
954,literature,macrofauna,,,,y,,,Wiklund_etal_2017,,,yes,Ledella knudseni sp. nov.,Ledella knudseni,Ledella knudseni,1,,,no,,,holotype,species,sp. Nov,,,species,species,Mollusca,Bivalvia,Nuculanida,Nuculanidae,Ledella,knudseni,1039822,"J. D. Taylor & Wiklund, 2017",,AB01,AB01,UK-1,UK-1,,add station,,,EB04,,DEPLY,AB01_UK-1_EB04,site 13.75583333_-116.4866667_4076,,,,EAST,13.75583,-116.48667
978,literature,macrofauna,,,,y,,,Wiklund_etal_2019,,,yes,Ammotrypanella kersteni sp. n.,Ammotrypanella kersteni,Ammotrypanella kersteni,1,,,yes,,,holotype,species,sp. Nov,,,species,species,Annelida,Polychaeta,,Opheliidae,Ammotrypanella,kersteni,1385138,"Wiklund, Neal, Glover, Drennan, Rabone & Dahlgren, 2019",,AB01,AB01,UK-1,UK-1,UK1 Stratum A,add station,,,EB04,,DEPLY,AB01_UK-1_EB04,site 13.75583333_-116.4866667_4128,Collected from epi net (on the epibenthic sledge),,,EAST,13.75583,-116.48667
1008,literature,macrofauna,,,,y,,,Wiklund_etal_2019,,,yes,Ophelina ganae sp. n.,Ophelina ganae,Ophelina ganae,1,,,no,,,holotype,species,sp. Nov,,,species,species,Annelida,Polychaeta,,Opheliidae,Ophelina,ganae,1385143,"Wiklund, Neal, Glover, Drennan, Rabone & Dahlgren, 2019",,AB02,AB02,OMS,OMS,OMS Stratum A,add station,,,EB05,,DEPLY,AB02_OMS_EB05,site 12.1155_-117.1645_4100,Collected from epi net (on the epibenthic sledge),,,EAST,12.11550,-117.16450
1011,literature,macrofauna,,,,y,,,Wiklund_etal_2019,,,yes,Ophelina juhazi sp. n.,Ophelina juhazi,Ophelina juhazi,1,,,yes,,,holotype,species,sp. Nov,,,species,species,Annelida,Polychaeta,,Opheliidae,Ophelina,juhazi,1385144,"Wiklund, Neal, Glover, Drennan, Rabone & Dahlgren, 2019",,AB02,AB02,OMS,OMS,OMS Stratum A,add station,,,EB05,,DEPLY,AB02_OMS_EB05,site 12.1155_-117.1645_4100,Collected from epi net (on the epibenthic sledge),,,EAST,12.11550,-117.16450
976,literature,macrofauna,,,,y,,,Wiklund_etal_2019,,,yes,Ammotrypanella keenani sp. n.,Ammotrypanella keenani,Ammotrypanella keenani,1,,,yes,,,holotype,species,sp. Nov,,,species,species,Annelida,Polychaeta,,Opheliidae,Ammotrypanella,keenani,1385137,"Wiklund, Neal, Glover, Drennan, Rabone & Dahlgren, 2019",,AB02,AB02,OMS,OMS,OMS Stratum A,add station,,,EB06,,DEPLY,AB02_OMS_EB06,site 12.25733333_-117.3021667_4302,Collected from epi net (on the epibenthic sledge),,,EAST,12.25733,-117.30217
1021,literature,macrofauna,,,,y,,,Wiklund_etal_2019,,,yes,Ophelina meyerae sp. n.,Ophelina meyerae,Ophelina meyerae,1,,,yes,,,holotype,species,sp. Nov,,,species,species,Annelida,Polychaeta,,Opheliidae,Ophelina,meyerae,1385146,"Wiklund, Neal, Glover, Drennan, Rabone & Dahlgren, 2019",,AB02,AB02,OMS,OMS,OMS Stratum A,add station,,,EB06,,DEPLY,AB02_OMS_EB06,site 12.25733333_-117.3021667_4302,Collected from epi net (on the epibenthic sledge),,,EAST,12.25733,-117.30217
995,literature,macrofauna,,,,y,,,Wiklund_etal_2019,,,yes,Oligobregma tani sp. n.,Oligobregma tani,Oligobregma tani,1,,,no,,,holotype,species,sp. Nov,,,species,species,Annelida,Polychaeta,,Scalibregmatidae,Oligobregma,tani,1385140,"Wiklund, Neal, Glover, Drennan, Rabone & Dahlgren, 2019",,AB02,AB02,UK-1,UK-1,UK1 Stratum B,add station,,,EB07,,DEPLY,AB02_UK-1_EB07,site 12.45433333_-116.6128333_4137,Collected from epi net (on the epibenthic sledge),,,EAST,12.45433,-116.61283
1044,literature,macrofauna,,,,y,,,Wiklund_etal_2019,,,yes,Travisia zieglerae sp. n.,Travisia zieglerae,Travisia zieglerae,1,,,yes,,,holotype,species,sp. Nov,,,species,species,Annelida,Polychaeta,,Travisiidae,Travisia,zieglerae,1385148,"Wiklund, Neal, Glover, Drennan, Rabone & Dahlgren, 2019",,AB02,AB02,UK-1,UK-1,UK1 Stratum B,add station,,,EB07,,DEPLY,AB02_UK-1_EB07,site 12.45433333_-116.6128333_4137,Collected from epi net (on the epibenthic sledge),,,EAST,12.45433,-116.61283
990,literature,macrofauna,,,,y,,,Wiklund_etal_2019,,,yes,Oligobregma brasierae sp. n.,Oligobregma brasierae,Oligobregma brasierae,1,,,no,,,holotype,species,sp. Nov,,,species,species,Annelida,Polychaeta,,Scalibregmatidae,Oligobregma,brasierae,1385139,"Wiklund, Neal, Glover, Drennan, Rabone & Dahlgren, 2019",,AB02,AB02,UK-1,UK-1,UK1 Stratum B,add station,,,EB02,,DEPLY,AB02_UK-1_EB02,site 12.53716667_-116.6041667_4425,Collected from epi net (on the epibenthic sledge),,,EAST,12.53717,-116.60417
998,literature,macrofauna,,,,y,,,Wiklund_etal_2019,,,yes,Oligobregma whaleyi sp. n.,Oligobregma whaleyi,Oligobregma whaleyi,1,,,yes,,,holotype,species,sp. Nov,,,species,species,Annelida,Polychaeta,,Scalibregmatidae,Oligobregma,whaleyi,1385141,"Wiklund, Neal, Glover, Drennan, Rabone & Dahlgren, 2019",,AB02,AB02,UK-1,UK-1,UK1 Stratum B,add station,,,EB02,,DEPLY,AB02_UK-1_EB02,site 12.53716667_-116.6041667_4425,Collected from epi net (on the epibenthic sledge),,,EAST,12.53717,-116.60417
1012,literature,macrofauna,,,,y,,,Wiklund_etal_2019,,,yes,Ophelina martinezarbizui sp. n.,Ophelina martinezarbizui,Ophelina martinezarbizui,1,,,no,,,holotype,species,sp. Nov,,,species,species,Annelida,Polychaeta,,Opheliidae,Ophelina,martinezarbizui,1385145,"Wiklund, Neal, Glover, Drennan, Rabone & Dahlgren, 2019",,AB02,AB02,UK-1,UK-1,UK1 Stratum B,add station,,,EB02,,DEPLY,AB02_UK-1_EB02,site 12.53716667_-116.6041667_4425,Collected from epi net (on the epibenthic sledge),,,EAST,12.53717,-116.60417
1022,literature,macrofauna,,,,y,,,Wiklund_etal_2019,,,yes,Ophelina nunnallyi sp. n.,Ophelina nunnallyi,Ophelina nunnallyi,1,,,no,,,holotype,species,sp. Nov,,,species,species,Annelida,Polychaeta,,Opheliidae,Ophelina,nunnallyi,1385147,"Wiklund, Neal, Glover, Drennan, Rabone & Dahlgren, 2019",,AB02,AB02,UK-1,UK-1,UK1 Stratum B,add station,,,EB02,,DEPLY,AB02_UK-1_EB02,site 12.53716667_-116.6041667_4425,Collected from epi net (on the epibenthic sledge),,,EAST,12.53717,-116.60417
1003,literature,macrofauna,,,,y,,,Wiklund_etal_2019,,,yes,Ophelina curli sp. n.,Ophelina curli,Ophelina curli,1,,,yes,,,holotype,species,sp. Nov,,,species,species,Annelida,Polychaeta,,Opheliidae,Ophelina,curli,1385142,"Wiklund, Neal, Glover, Drennan, Rabone & Dahlgren, 2019",,AB02,AB02,APEI-6,APEI-6,APEI-6,add station,,,EB13,,DEPLY,AB02_APEI-6_EB13,site 19.46456667_-120.0254167_4026,Collected from epi net (on the epibenthic sledge),,,EAST,19.46457,-120.02542
